Unnamed: 0,track_id,artists,album_name,track_name,popularity,duration_ms,explicit,danceability,energy,key,loudness,mode,speechiness,acousticness,instrumentalness,liveness,valence,tempo,time_signature,track_genre,primary_artist,release_year,release_month,release_date,artista
67359,1IHWl5LamUGEuP4ozKQSXZ,Bad Bunny,Un Verano Sin Ti,Tití Me Preguntó,97,243716,False,0.65,0.715,5,-5.198,0,0.253,0.0993,0.000291,0.126,0.187,106.672,4,latin,Bad Bunny,2022,5.0,2022-05-01,Bad Bunny
67358,6Sq7ltF9Qa7SNFBsV5Cogx,Bad Bunny;Chencho Corleone,Un Verano Sin Ti,Me Porto Bonito,97,178567,True,0.911,0.712,1,-5.105,0,0.0817,0.0901,2.68e-05,0.0933,0.425,92.005,4,latin,Bad Bunny,2022,5.0,2022-05-01,Bad Bunny
67559,5Eax0qFko2dh7Rl2lYs3bx,Bad Bunny,Un Verano Sin Ti,Efecto,96,213061,False,0.801,0.475,7,-8.797,0,0.0516,0.141,1.73e-05,0.0639,0.234,98.047,4,latin,Bad Bunny,2022,5.0,2022-05-01,Bad Bunny
67500,3k3NWokhRRkEPhCzPmV8TW,Bad Bunny;Bomba Estéreo,Un Verano Sin Ti,Ojitos Lindos,95,258298,False,0.647,0.686,3,-5.745,0,0.0413,0.08,1.34e-06,0.528,0.268,79.928,4,latin,Bad Bunny,2022,5.0,2022-05-01,Bad Bunny
67603,6Xom58OOXk2SoU711L2IXO,Bad Bunny,Un Verano Sin Ti,Moscow Mule,94,245939,True,0.804,0.674,5,-5.453,0,0.0333,0.294,1.18e-06,0.115,0.292,99.968,4,latin,Bad Bunny,2022,5.0,2022-05-01,Bad Bunny
88408,7dSZ6zGTQx66c2GF91xCrb,KAROL G,PROVENZA,PROVENZA,93,210200,False,0.87,0.516,1,-8.006,1,0.0541,0.656,0.00823,0.11,0.53,111.005,4,reggae,KAROL G,2022,4.0,2022-04-01,KAROL G
67700,31i56LZnwE6uSu3exoHjtB,Bad Bunny,Un Verano Sin Ti,Neverita,93,173119,False,0.876,0.498,10,-7.511,1,0.0478,0.0706,0.0,0.143,0.428,122.016,4,latin,Bad Bunny,2022,5.0,2022-05-01,Bad Bunny
67801,79HZAZNnOE97rb2hnI0XQr,Rauw Alejandro;Lyanno;Brray,LOKERA,LOKERA,91,195294,False,0.834,0.828,11,-2.657,0,0.0452,0.21,5.91e-06,0.103,0.58,102.019,4,latin,Rauw Alejandro,2022,3.0,2022-03-01,Rauw Alejandro
67865,41oY4WCTj5kccfesTVFnvN,Bad Bunny;Jhayco,Un Verano Sin Ti,Tarot,91,237894,True,0.795,0.684,11,-3.971,0,0.0419,0.0225,0.0,0.658,0.419,114.011,4,latin,Bad Bunny,2022,5.0,2022-05-01,Bad Bunny
68553,4tYFy8ALRjIZvnvSLw5lxN,Bad Bunny;Rauw Alejandro,Un Verano Sin Ti,Party,90,227628,False,0.829,0.799,9,-5.389,1,0.0897,0.0151,0.000543,0.242,0.471,97.013,4,latino,Bad Bunny,2022,5.0,2022-05-01,Rauw Alejandro
88609,1ga4PztXOIw1yBbdUt2X8v,KAROL G;Maldy,GATÚBELA,GATÚBELA,90,209160,False,0.627,0.858,11,-2.824,0,0.386,0.263,0.0,0.21,0.342,92.523,4,reggae,KAROL G,2022,7.0,2022-07-01,KAROL G
67602,2rurDawMfoKP4uHyb2kJBt,Shakira;Rauw Alejandro,Te Felicito,Te Felicito,90,172235,False,0.695,0.636,5,-4.654,1,0.317,0.234,0.0,0.081,0.575,174.14,4,latin,Shakira,2022,4.0,2022-04-01,Rauw Alejandro
68611,5jt25aFjW2kNoBqaEVaz5W,Mora;Feid,MICRODOSIS,LA INOCENTE,89,202173,True,0.757,0.789,5,-3.46,0,0.0583,0.307,0.0,0.0717,0.464,91.911,4,latino,Mora,2021,4.0,2021-04-01,Feid
68600,0fea68AdmYNygeTGI4RC18,J Balvin;Bad Bunny,OASIS,LA CANCIÓN,88,242573,False,0.754,0.646,7,-5.795,1,0.317,0.152,1.85e-05,0.108,0.429,176.089,4,latino,J Balvin,2019,6.0,2019-06-01,J Balvin
68860,4d4ZXH4dr5bYfgErHiZCX2,Bad Bunny,Un Verano Sin Ti,Dos Mil 16,87,208615,False,0.817,0.67,1,-6.534,1,0.0506,0.123,1.92e-06,0.128,0.495,130.058,3,latino,Bad Bunny,2022,5.0,2022-05-01,Bad Bunny
68866,6VrQTLzzuyGIYjUDe4kAZk,Bad Bunny,Un Verano Sin Ti,Un Coco,87,196412,False,0.839,0.69,11,-4.464,1,0.0615,0.207,8.33e-06,0.176,0.744,151.991,4,latino,Bad Bunny,2022,5.0,2022-05-01,Bad Bunny
68602,2JPLbjOn0wPCngEot2STUS,Bad Bunny,Yonaguni,Yonaguni,87,206710,True,0.644,0.648,1,-4.601,1,0.118,0.276,0.0,0.135,0.44,179.951,4,latino,Bad Bunny,2021,6.0,2021-06-01,Bad Bunny
68701,4gzsuuZypVbxs0Af1LSZyB,Tainy;Bad Bunny;Julieta Venegas,Lo Siento BB:/ (with Bad Bunny & Julieta Venegas),Lo Siento BB:/ (with Bad Bunny & Julieta Venegas),87,207301,False,0.639,0.703,4,-6.33,0,0.0794,0.0889,1.78e-06,0.0865,0.138,169.888,4,latino,Tainy,2021,10.0,2021-10-01,Bad Bunny
68716,5CzixCxDkRXX9mScCmah8O,Bad Bunny,Un Verano Sin Ti,Un Ratito,87,176936,False,0.787,0.546,0,-7.094,0,0.0532,0.305,4.55e-05,0.122,0.222,93.05,4,latino,Bad Bunny,2022,5.0,2022-05-01,Bad Bunny
68726,3kUq4sBcmxhnOtNysZ9yrp,Feid,Feliz Cumpleaños Ferxxo,Feliz Cumpleaños Ferxxo,87,156400,False,0.87,0.55,5,-5.537,1,0.0722,0.102,0.0,0.293,0.566,95.019,4,latino,Feid,2022,10.0,2022-10-01,Feid
68865,44XjoNvtwevktFKjvVe1vH,Bad Bunny;Buscabulla,Un Verano Sin Ti,Andrea,86,339611,True,0.797,0.616,1,-10.229,0,0.375,0.762,0.000293,0.0979,0.451,103.071,4,latino,Bad Bunny,2022,5.0,2022-05-01,Bad Bunny
68671,3PpWCS95gDUDRPko3u1MZ9,Feid,FELIZ CUMPLEAÑOS FERXXO TE PIRATEAMOS EL ÁLBUM,Prohibidox,86,166253,False,0.647,0.801,1,-2.946,0,0.249,0.0451,0.0,0.0628,0.517,180.108,4,latino,Feid,2022,10.0,2022-10-01,Feid
68653,2TDyyEBasw10wu5Uh94bR1,Rauw Alejandro;Baby Rasta,PUNTO 40,PUNTO 40,85,190654,True,0.873,0.826,0,-0.722,1,0.0876,0.00127,0.0361,0.311,0.201,106.972,4,latino,Rauw Alejandro,2022,6.0,2022-06-01,Rauw Alejandro
88705,1ri9ZUkBJVFUdgwzCnfcYs,Becky G;KAROL G,MAMIII,MAMIII,85,226088,False,0.843,0.7,4,-3.563,0,0.0803,0.0934,0.0,0.14,0.899,93.991,4,reggae,Becky G,2022,3.0,2022-03-01,KAROL G
68721,48AJSd42lXpicsGqcgopof,Daddy Yankee;Bad Bunny,LEGENDADDY,X ÚLTIMA VEZ,85,192477,True,0.812,0.855,7,-3.725,1,0.0554,0.0789,0.000167,0.108,0.573,90.04,4,latino,Daddy Yankee,2018,7.0,2018-07-01,Daddy Yankee
68756,0E0DRHf5PfMeor0ZCwB3oT,Bad Bunny;The Marías,Un Verano Sin Ti,Otro Atardecer,85,244444,False,0.777,0.595,2,-6.79,1,0.0375,0.59,0.00139,0.0669,0.546,108.02,4,latino,Bad Bunny,2022,5.0,2022-05-01,Bad Bunny
68760,2z9YkcLojiOE7Eu2p9lPZR,Feid,Normal,Normal,85,171986,True,0.712,0.557,4,-4.861,0,0.115,0.0397,0.0,0.27,0.594,170.079,4,latino,Feid,2018,1.0,2018-01-01,Feid
68874,28GCbKgjlVD9eDmasGbe0T,Bad Bunny,Un Verano Sin Ti,Me Fui de Vacaciones,85,180929,False,0.714,0.645,10,-5.493,1,0.0514,0.229,0.00083,0.0942,0.434,85.046,4,latino,Bad Bunny,2022,5.0,2022-05-01,Bad Bunny
68816,5kVZxyMY1gfdCLiChsfjn1,Bad Bunny,Un Verano Sin Ti,Yo No Soy Celoso,85,230704,True,0.872,0.588,0,-6.276,1,0.0492,0.275,0.0,0.17,0.93,142.004,4,latino,Bad Bunny,2022,5.0,2022-05-01,Bad Bunny
30305,0bI7K9Becu2dtXK1Q3cZNB,Tiësto;KAROL G,Don't Be Shy,Don't Be Shy,84,140500,True,0.77,0.787,11,-3.748,0,0.0583,0.198,0.0,0.262,0.513,119.986,4,edm,Tiësto,2021,8.0,2021-08-01,KAROL G
68916,2uflssWlCaJ6CbTMOsUpNI,Bad Bunny,Un Verano Sin Ti,Aguacero,84,210989,False,0.861,0.645,6,-6.96,0,0.0743,0.423,0.000592,0.349,0.668,121.391,5,latino,Bad Bunny,2022,5.0,2022-05-01,Bad Bunny
68824,2NMjggapJcXXM7WccGEBUO,Bad Bunny,Un Verano Sin Ti,Enséñame a Bailar,84,176000,False,0.81,0.789,8,-5.08,1,0.0846,0.191,1.08e-05,0.467,0.77,105.009,4,latino,Bad Bunny,2022,5.0,2022-05-01,Bad Bunny
68707,69vlMrzHwATKzupwNcUPyK,Bad Bunny;Daddy Yankee,YHLQMDLG,La Santa,84,206420,True,0.744,0.868,1,-4.524,1,0.047,0.0326,0.0,0.0822,0.586,93.037,4,latino,Bad Bunny,2022,2.0,2022-02-01,Daddy Yankee
68773,02jLfqc9gMo8PkHEGHY3OT,Feid,Si Te La Encuentras Por Ahí,Si Te La Encuentras Por Ahí,83,191573,False,0.743,0.576,8,-3.552,0,0.076,0.151,5.87e-05,0.128,0.455,171.945,4,latino,Feid,2021,5.0,2021-05-01,Feid
68800,2vmfvSoZBFAt9hhRoEByLi,Aventura;Bad Bunny,Volví,Volví,83,230125,True,0.725,0.86,1,-3.726,1,0.182,0.422,0.000284,0.0674,0.791,175.896,4,latino,Aventura,2021,8.0,2021-08-01,Bad Bunny
68854,6C1RD7YQVvt3YQj0CmuTeu,Bad Bunny;Ozuna;Farruko;Arcangel;Ñengo Flow;DJ Luian;Mambo Kingz,Diles,Diles,83,286040,True,0.813,0.56,2,-5.904,0,0.0618,0.108,0.0,0.268,0.287,118.033,4,latino,Bad Bunny,2016,2.0,2016-02-01,Ozuna
68951,35wvL50xvKpCHEJPxLOLPI,Bad Bunny,X 100PRE,Si Estuviésemos Juntos,83,169247,True,0.672,0.594,1,-6.813,0,0.0789,0.0626,5.14e-05,0.152,0.158,171.854,4,latino,Bad Bunny,2022,5.0,2022-05-01,Bad Bunny
68904,7hynhxDoDpgMIV12JuVtNa,J Balvin;Bad Bunny;Marciano Cantero,OASIS,UN PESO,83,277106,False,0.627,0.675,5,-7.125,0,0.213,0.125,0.0,0.0784,0.961,79.31,4,latino,J Balvin,2021,9.0,2021-09-01,J Balvin
68971,0wihfILRNOwE2156Shezc8,Bad Bunny,Un Verano Sin Ti,Agosto,83,139041,False,0.849,0.584,1,-8.195,0,0.115,0.0929,6.18e-06,0.492,0.724,115.018,4,latino,Bad Bunny,2022,5.0,2022-05-01,Bad Bunny
68668,6mmPpaltUZK7xjNlBPQQ0p,Rauw Alejandro;Chencho Corleone,VICE VERSA,Desesperados,83,224996,True,0.869,0.694,1,-3.35,0,0.0783,0.356,0.00125,0.0878,0.511,90.02,4,latino,Rauw Alejandro,2021,7.0,2021-07-01,Rauw Alejandro
67900,47EiUVwUp4C9fGccaPuUCS,Bad Bunny;Jhayco,DÁKITI,DÁKITI,83,205090,True,0.731,0.573,4,-10.059,0,0.0544,0.401,5.22e-05,0.113,0.145,109.928,4,latin,Bad Bunny,2020,11.0,2020-11-01,Bad Bunny
68968,4r9jkMEnArtWGH2rL2FZl0,Bad Bunny,YHLQMDLG,A Tu Merced,83,175918,False,0.86,0.791,0,-4.784,1,0.0568,0.169,0.000106,0.106,0.887,92.023,4,latino,Bad Bunny,2018,12.0,2018-12-01,Bad Bunny
68974,0UvZcEfpzVyx47QsRbjyBz,Bad Bunny,Un Verano Sin Ti,El Apagón,83,201816,False,0.629,0.698,8,-4.485,1,0.308,0.0509,0.00166,0.0909,0.599,117.765,4,latino,Bad Bunny,2022,5.0,2022-05-01,Bad Bunny
68802,0G2zPzWqVjR68iNPmx2TBe,Mora;Bad Bunny;Sech,Volando (Remix),Volando - Remix,83,273474,True,0.659,0.688,6,-4.649,1,0.0673,0.207,0.0,0.113,0.632,153.979,4,latino,Mora,2020,4.0,2020-04-01,Bad Bunny
68910,0vHfVsEe6Ps0d8cZ9PGzSw,De La Ghetto;Rauw Alejandro,Loco Por Perrearte (Remix),Loco Por Perrearte - Remix,82,199148,True,0.848,0.673,11,-4.034,0,0.058,0.0147,0.00652,0.102,0.39,93.987,4,latino,De La Ghetto,2021,2.0,2021-02-01,Rauw Alejandro
68603,2XIc1pqjXV3Cr2BQUGNBck,Bad Bunny;ROSALÍA,EL ÚLTIMO TOUR DEL MUNDO,LA NOCHE DE ANOCHE,82,203200,False,0.856,0.618,7,-4.892,1,0.286,0.0303,0.0,0.0866,0.391,81.993,4,latino,Bad Bunny,2020,11.0,2020-11-01,Bad Bunny
68901,2tFwfmceQa1Y6nRPhYbEtC,Jhayco;Bad Bunny,CÓMO SE SIENTE (Remix),CÓMO SE SIENTE - Remix,82,227520,True,0.807,0.606,3,-8.871,0,0.088,0.0946,0.0,0.119,0.304,92.988,4,latino,Jhayco,2020,3.0,2020-03-01,Bad Bunny
68903,41wtwzCZkXwpnakmwJ239F,Bad Bunny,YHLQMDLG,Si Veo a Tu Mamá,82,170971,False,0.9,0.603,2,-5.313,1,0.0646,0.402,4.81e-06,0.134,0.824,129.928,4,latino,Bad Bunny,2022,5.0,2022-05-01,Bad Bunny
68605,4fSIb4hdOQ151TILNsSEaF,Rauw Alejandro,Todo De Ti,Todo De Ti,82,199604,True,0.78,0.718,3,-3.605,0,0.0506,0.31,0.000163,0.0932,0.342,127.949,4,latino,Rauw Alejandro,2021,6.0,2021-06-01,Rauw Alejandro
68724,6ojZtz3sZr6ynvejLOqgCj,Tiago PZK;Ozuna,Nos Comemos (feat. Ozuna),Nos Comemos (feat. Ozuna),82,191086,True,0.827,0.819,6,-3.701,1,0.052,0.1,0.0,0.089,0.562,92.017,4,latino,Tiago PZK,2022,9.0,2022-09-01,Ozuna
67353,228BxWXUYQPJrJYHDLOHkj,Daddy Yankee,Barrio Fino (Bonus Track Version),Gasolina,82,192600,False,0.852,0.797,0,-6.543,1,0.0614,0.322,2.69e-06,0.0845,0.741,96.008,4,latin,Daddy Yankee,2004,1.0,2004-01-01,Daddy Yankee
68700,4R8BJggjosTswLxtkw8V7P,Jhayco;J Balvin;Bad Bunny,Famouz,No Me Conoce - Remix,82,309120,False,0.806,0.786,10,-3.831,0,0.0741,0.145,0.0,0.0935,0.58,91.973,4,latino,Jhayco,2019,11.0,2019-11-01,J Balvin
68714,4srcMdbm2qzVG98tJajHxp,Alejo;Feid;ROBI,Pantysito,Pantysito,82,240413,True,0.83,0.739,7,-5.395,0,0.0627,0.136,2.11e-06,0.162,0.631,97.993,4,latino,Alejo,2021,7.0,2021-07-01,Feid
104100,4OwhwvKESFtuu06dTgct7i,Marc Seguí;Rauw Alejandro;Pol Granch,Tiroteo (Remix),Tiroteo - Remix,81,321555,False,0.75,0.522,9,-7.018,1,0.0293,0.282,0.0,0.0743,0.601,110.427,4,spanish,Marc Seguí,2022,5.0,2022-05-01,Rauw Alejandro
68912,71wFwRo8xGc4lrcyKwsvba,Bad Bunny;Tainy,Un Verano Sin Ti,Callaita,81,250533,False,0.608,0.626,2,-4.773,1,0.301,0.597,2.16e-06,0.25,0.246,176.086,4,latino,Bad Bunny,2019,5.0,2019-05-01,Bad Bunny
68751,25ZAibhr3bdlMCLmubZDVt,J Balvin;Bad Bunny,OASIS,QUE PRETENDES,81,222346,False,0.639,0.791,10,-4.443,0,0.253,0.0275,0.0,0.362,0.939,92.603,4,latino,J Balvin,2020,7.0,2020-07-01,J Balvin
68615,4XqXNU8MwPHwbgZmNXmAdc,Maluma,Junio,Junio,81,168601,False,0.85,0.756,11,-3.439,0,0.0407,0.0999,0.0,0.0873,0.896,120.024,4,latino,Maluma,2022,6.0,2022-06-01,Maluma
68727,7d7aPD2oxuzjhOZnu4Dj23,Natti Natasha;Daddy Yankee;Wisin & Yandel,Mayor Que Usted,Mayor Que Usted,81,233519,False,0.625,0.839,6,-4.824,0,0.0927,0.00762,2.35e-05,0.464,0.771,184.08,4,latino,Natti Natasha,2022,2.0,2022-02-01,Daddy Yankee
68772,4HzqWEdAbzcVFDv0pvxV4w,Maluma,Sobrio,Sobrio,81,201180,False,0.762,0.77,5,-2.758,1,0.223,0.138,0.0,0.15,0.631,177.998,4,latino,Maluma,2020,8.0,2020-08-01,Maluma
68952,5RubKOuDoPn5Kj5TLVxSxY,Bad Bunny,EL ÚLTIMO TOUR DEL MUNDO,TE MUDASTE,81,130013,True,0.811,0.637,10,-4.835,0,0.0591,0.234,0.000572,0.118,0.471,92.025,4,latino,Bad Bunny,2022,5.0,2022-05-01,Bad Bunny
67552,2BEcap3xJtmiPaHKyfQi4e,Rvssian;Rauw Alejandro;Chris Brown,Nostálgico,Nostálgico,80,209883,True,0.734,0.846,9,-3.425,0,0.0489,0.166,1.74e-06,0.235,0.604,98.026,4,latin,Rvssian,2022,11.0,2022-11-01,Rauw Alejandro
68953,6NfrH0ANGmgBXyxgV2PeXt,Bad Bunny,YHLQMDLG,La Difícil,80,163084,True,0.685,0.848,8,-4.561,0,0.0858,0.0861,7.14e-06,0.0783,0.761,179.87,4,latino,Bad Bunny,2020,11.0,2020-11-01,Bad Bunny
67050,6habFhsOp2NvshLv26DqMb,Luis Fonsi;Daddy Yankee,VIDA,Despacito,80,229360,False,0.655,0.797,2,-4.787,1,0.153,0.198,0.0,0.067,0.839,177.928,4,latin,Luis Fonsi,2017,1.0,2017-01-01,Daddy Yankee
68907,2DEZmgHKAvm41k4J3R2E9Y,Bad Bunny;Jowell & Randy;Ñengo Flow,YHLQMDLG,Safaera,80,295176,True,0.607,0.829,2,-4.074,1,0.379,0.0103,0.0,0.107,0.685,96.172,4,latino,Bad Bunny,2020,2.0,2020-02-01,Bad Bunny
68965,3SlKme42qm1vWrkl3BrZmm,Maluma;Chencho Corleone,Nos Comemos Vivos,Nos Comemos Vivos,80,225365,False,0.822,0.719,10,-3.633,0,0.0576,0.165,2.48e-05,0.174,0.659,82.01,4,latino,Maluma,2022,5.0,2022-05-01,Maluma
68850,5DxXgozhkPLgrbKFY91w0c,Bad Bunny,Vete,Vete,79,192024,True,0.886,0.672,1,-4.394,1,0.188,0.0363,8.78e-06,0.101,0.526,91.976,4,latino,Bad Bunny,2020,2.0,2020-02-01,Bad Bunny
68759,0SqqAgdovOE24BzxIClpjw,Bad Bunny,YHLQMDLG,Yo Perreo Sola,79,172127,False,0.86,0.758,11,-5.16,1,0.0695,0.021,6.54e-05,0.344,0.453,97.014,4,latino,Bad Bunny,2020,2.0,2020-02-01,Bad Bunny
89972,704LUEih663hiE3CnyUrFW,KAROL G,SEJODIOTO,SEJODIOTO,79,181106,True,0.822,0.736,1,-3.969,1,0.15,0.157,0.000781,0.0748,0.679,175.93,4,reggaeton,KAROL G,2022,3.0,2022-03-01,KAROL G
68804,1FlL8ycld6uVDDyhV7P5FA,Rauw Alejandro,VICE VERSA,Cúrame,79,164705,True,0.765,0.625,9,-3.599,0,0.0548,0.584,0.00111,0.112,0.262,102.101,4,latino,Rauw Alejandro,2021,3.0,2021-03-01,Rauw Alejandro
68725,3XjN0mvFkQp1FMVM9Ro5hm,Daddy Yankee,LEGENDADDY,RUMBATÓN,79,248768,False,0.685,0.909,3,-4.034,0,0.0396,0.0471,0.0,0.35,0.922,95.004,4,latino,Daddy Yankee,2022,2.0,2022-02-01,Daddy Yankee
67450,116H0KvKr2Zl4RPuVBruDO,Bad Bunny;Drake,MIA (feat. Drake),MIA (feat. Drake),79,210367,False,0.817,0.539,6,-6.349,0,0.0621,0.0141,0.000496,0.099,0.158,97.062,4,latin,Bad Bunny,2018,10.0,2018-10-01,Bad Bunny
68954,0gCPvo1GkbtPhMqg5Gbx1K,Daddy Yankee;Bad Bunny,Vuelve,Vuelve,79,279613,False,0.734,0.531,1,-5.662,1,0.0321,0.196,0.0,0.119,0.199,130.024,4,latino,Daddy Yankee,2018,7.0,2018-07-01,Daddy Yankee
20853,58q2HKrzhC3ozto2nDdN4z,Cardi B;Bad Bunny;J Balvin,Invasion of Privacy,I Like It,79,253390,True,0.816,0.726,5,-3.998,0,0.129,0.099,0.0,0.372,0.65,136.048,4,dance,Cardi B,2018,5.0,2018-05-01,J Balvin
68913,5kqNIqFjijuzvVLhuY9B8j,Bad Bunny,YHLQMDLG,La Zona,79,136892,True,0.762,0.801,1,-3.661,0,0.0409,0.2,7.04e-05,0.254,0.81,93.992,4,latino,Bad Bunny,2020,2.0,2020-02-01,Bad Bunny
68906,05bfbizlM5AX6Mf1RRyMho,Nio Garcia;J Balvin;Bad Bunny,AM Remix,AM Remix,79,261334,True,0.743,0.655,6,-5.015,0,0.159,0.114,0.0,0.0764,0.785,172.031,4,latino,Nio Garcia,2019,7.0,2019-07-01,J Balvin
67355,5w9c2J52mkdntKOmRLeM2m,Daddy Yankee;Snow,Con Calma,Con Calma,79,193226,False,0.737,0.86,8,-2.652,0,0.0593,0.11,1.94e-06,0.0574,0.656,93.989,4,latin,Daddy Yankee,2019,1.0,2019-01-01,Daddy Yankee
89805,2FSGUA0gFgGeQdprjtGM2M,KAROL G;Mariah Angeliq,KG0516,EL MAKINON,79,209160,False,0.635,0.706,5,-3.224,0,0.125,0.256,0.0,0.108,0.443,88.863,4,reggaeton,KAROL G,2022,4.0,2022-04-01,KAROL G
68853,6JUMswocQ7Hp46kj9kyljT,Feid;Yandel,FELIZ CUMPLEAÑOS FERXXO TE PIRATEAMOS EL ÁLBUM,XQ Te Pones Así,79,218693,False,0.812,0.697,10,-3.441,1,0.0694,0.134,0.0,0.147,0.477,92.03,4,latino,Feid,2022,8.0,2022-08-01,Feid
68650,3V8UKqhEK5zBkBb6d6ub8i,Nio Garcia;Casper Magico;Bad Bunny;Darell;Ozuna;Nicky Jam,Te Boté (Remix),Te Boté - Remix,78,417920,True,0.903,0.675,11,-3.445,0,0.214,0.542,1.28e-05,0.0595,0.442,96.507,4,latino,Nio Garcia,2018,5.0,2018-05-01,Ozuna
68859,5q2JbCNi4FcnglgPfxcV65,Anuel AA;Daddy Yankee;Zion & Lennox;Farruko;Wisin,Sola (Remix),Sola (Remix),78,307910,False,0.639,0.869,11,-4.024,1,0.147,0.27,0.0,0.0802,0.767,169.801,4,latino,Anuel AA,2018,4.0,2018-04-01,Daddy Yankee
88550,7k4t7uLgtOxPwTpFmtJNTY,KAROL G;Nicki Minaj,Tusa,Tusa,78,200960,False,0.803,0.715,2,-3.28,1,0.298,0.295,0.000134,0.0574,0.574,101.085,4,reggae,KAROL G,2019,11.0,2019-11-01,KAROL G
68670,4OAPnWJ3J5w4c4IBLh2chn,Daddy Yankee;El Alfa;Lil Jon,LEGENDADDY,BOMBÓN,78,182413,True,0.843,0.789,7,-2.801,1,0.247,0.0028,2.41e-05,0.0322,0.571,125.071,4,latino,Daddy Yankee,2022,2.0,2022-02-01,Daddy Yankee
20305,6IPNp9PfaEqrzotY47TIWy,DJ Snake;Ozuna;Megan Thee Stallion;LISA,"SG (with Ozuna, Megan Thee Stallion & LISA of BLACKPINK)","SG (with Ozuna, Megan Thee Stallion & LISA of BLACKPINK)",77,225600,True,0.8,0.837,6,-2.807,0,0.0491,0.00406,0.00313,0.0904,0.702,100.015,4,dance,DJ Snake,2021,11.0,2021-11-01,Ozuna
68950,1khmgu0pveJbkbpbkyvcQv,Bad Bunny;El Alfa,X 100PRE,La Romana,77,300579,True,0.655,0.725,0,-5.497,1,0.188,0.0327,0.00264,0.0611,0.326,125.8,4,latino,Bad Bunny,2020,8.0,2020-08-01,Bad Bunny
68609,1yoMvmasuxZfqHEipJhRbp,Maluma,PAPI JUANCHO,Hawái,77,199112,False,0.783,0.727,6,-3.454,0,0.389,0.185,2.46e-05,0.0626,0.558,180.067,4,latino,Maluma,2020,10.0,2020-10-01,Maluma
68762,6D2TCm4nf5nxAcdGJ7w3QP,J Balvin;Maria Becerra,JOSE,Qué Más Pues?,77,217360,False,0.903,0.817,8,-3.972,1,0.095,0.0272,0.000311,0.242,0.732,102.014,4,latino,J Balvin,2021,8.0,2021-08-01,J Balvin
68607,2ksOAxtIxY8yElEWw8RhgK,Anuel AA;Daddy Yankee;KAROL G;J Balvin;Ozuna,China,China,76,301714,False,0.786,0.808,7,-3.702,1,0.0882,0.0846,0.000289,0.0822,0.609,105.027,4,latino,Anuel AA,2019,7.0,2019-07-01,J Balvin
67867,1zsPaEkglFvxjAhrM8yhpr,Ozuna;Feid,OzuTochi,Hey Mor,76,196600,False,0.901,0.589,1,-6.713,0,0.289,0.00302,0.000237,0.0992,0.399,98.002,4,latin,Ozuna,2022,9.0,2022-09-01,Feid
68706,35UUpTmrcFXNIVIN26ujXl,Sech;Daddy Yankee;J Balvin;ROSALÍA;Farruko,Relación (Remix),Relación - Remix,76,247308,False,0.793,0.771,5,-3.417,1,0.0959,0.0337,1.51e-06,0.284,0.835,171.943,4,latino,Sech,2020,5.0,2020-05-01,J Balvin
20107,4w8niZpiMy6qz1mntFA5uM,DJ Snake;Selena Gomez;Ozuna;Cardi B,"Taki Taki (with Selena Gomez, Ozuna & Cardi B)","Taki Taki (with Selena Gomez, Ozuna & Cardi B)",76,212500,True,0.842,0.801,8,-4.167,0,0.228,0.157,4.82e-06,0.0642,0.617,95.881,4,dance,DJ Snake,2018,9.0,2018-09-01,Ozuna
67751,6mICuAdrwEjh6Y6lroV2Kg,Shakira;Maluma,El Dorado,Chantaje (feat. Maluma),76,195840,False,0.852,0.773,8,-2.921,0,0.0776,0.187,3.05e-05,0.159,0.907,102.034,4,latin,Shakira,2016,11.0,2016-11-01,Maluma
68708,7mWFF4gPADjTQjC97CgFVt,Ozuna;Daddy Yankee;J Balvin;Farruko;Anuel AA,"Baila Baila Baila (Remix) [feat. Farruko, Anuel Aa]",Baila Baila Baila - Remix,76,235284,False,0.785,0.572,2,-7.504,1,0.123,0.0598,0.0,0.218,0.49,100.016,4,latino,Ozuna,2019,7.0,2019-07-01,J Balvin
68963,5y7DaS3jAc9eZzcSOoUIwU,Ozuna;J Balvin;Chencho Corleone,Enoc,Una Locura,76,230693,False,0.714,0.761,5,-4.596,0,0.0427,0.139,0.00035,0.241,0.906,168.022,4,latino,Ozuna,2021,7.0,2021-07-01,J Balvin
88903,7vrJn5hDSXRmdXoR30KgF1,KAROL G,BICHOTA,BICHOTA,76,178946,True,0.863,0.666,1,-4.158,0,0.152,0.212,0.000493,0.103,0.838,163.908,4,reggae,KAROL G,2020,10.0,2020-10-01,KAROL G
68960,1mSviQV9iQnGSRyvTIuxAj,Alvaro Diaz;Rauw Alejandro,Felicilandia,Problemón,75,192613,False,0.706,0.739,10,-3.753,1,0.0586,0.266,2.62e-05,0.126,0.371,91.906,4,latino,Alvaro Diaz,2020,8.0,2020-08-01,Rauw Alejandro
68811,1m69ELEgE6k5ZWsap40ozt,Ozuna,Odisea,Se Preparó,75,188080,False,0.739,0.821,1,-4.233,1,0.0852,0.222,9.6e-06,0.311,0.693,171.077,4,latino,Ozuna,2017,8.0,2017-08-01,Ozuna
67908,3pDhN3qB33AOPhQEkUCaWt,Daddy Yankee,Prestige,Limbo,75,224693,False,0.806,0.875,7,-3.817,1,0.088,0.0838,0.00192,0.065,0.917,125.063,4,latin,Daddy Yankee,2012,5.0,2012-05-01,Daddy Yankee
67357,63aj87TQG6F3RVO5nbG2VQ,J Balvin;Skrillex,In Da Getto,In Da Getto,75,131065,False,0.915,0.72,8,-3.126,1,0.0459,0.025,1.42e-05,0.0942,0.631,126.986,4,latin,J Balvin,2021,11.0,2021-11-01,J Balvin
67802,5cpJFiNwYyWwFLH0V6B3N8,Ozuna;Doja Cat;Sia,Enoc,Del Mar,75,214506,True,0.759,0.636,6,-5.585,1,0.0369,0.0224,0.000143,0.166,0.536,109.976,4,latin,Ozuna,2021,12.0,2021-12-01,Ozuna
68601,0EhpEsp4L0oRGM0vmeaN5e,J Balvin;Dua Lipa;Bad Bunny;Tainy,UN DIA (ONE DAY) (Feat. Tainy),UN DIA (ONE DAY) (Feat. Tainy),75,232253,False,0.571,0.693,6,-8.234,0,0.0545,0.00536,0.0,0.173,0.393,168.169,4,latino,J Balvin,2020,7.0,2020-07-01,J Balvin
68851,5W83ErFkO3aKAIS1WMi6u0,Anuel AA;KAROL G,Secreto,Secreto,75,258800,False,0.807,0.803,11,-4.156,1,0.126,0.602,0.00853,0.136,0.706,91.987,4,latino,Anuel AA,2018,3.0,2018-03-01,KAROL G
68755,7KbF6AdprOXEEHlsq11Z6d,Maluma,11:11,11 PM,75,175733,False,0.777,0.712,10,-4.84,1,0.277,0.217,0.0,0.091,0.68,95.692,4,latino,Maluma,2019,10.0,2019-10-01,Maluma
68657,6Za3190Sbw39BBC77WSS1C,Natti Natasha;Ozuna,Criminal,Criminal,75,232549,False,0.814,0.813,2,-3.023,0,0.0561,0.03,9.33e-05,0.255,0.839,79.997,4,latino,Natti Natasha,2018,7.0,2018-07-01,Ozuna
20856,079Ey5uxL04AKPQgVQwx5h,Selena Gomez;Rauw Alejandro,Revelación - EP,Baila Conmigo (with Rauw Alejandro),75,186087,False,0.823,0.544,5,-7.132,1,0.0715,0.0215,0.00315,0.0966,0.664,149.903,4,dance,Selena Gomez,2021,4.0,2021-04-01,Rauw Alejandro
68966,4t9a07PAghtQMRAIP9FQ7Z,Lunay;Daddy Yankee;Bad Bunny,Épico,Soltera - Remix,75,266086,False,0.795,0.783,5,-4.271,1,0.0432,0.361,0.0,0.437,0.799,92.01,4,latino,Lunay,2019,8.0,2019-08-01,Daddy Yankee
68809,23WI5V2eD4EyGKxSl7Pyeq,Chino & Nacho;Daddy Yankee,Andas En Mi Cabeza,Andas En Mi Cabeza,74,247493,False,0.671,0.954,9,-1.87,1,0.13,0.0244,0.0,0.111,0.556,104.114,4,latino,Chino & Nacho,2015,1.0,2015-01-01,Daddy Yankee
30357,6osaMSJh9NguagEDQcZaKx,DJ Snake;J Balvin;Tyga,Carte Blanche,Loco Contigo (feat. J. Balvin & Tyga),74,185194,False,0.694,0.758,11,-2.986,1,0.218,0.278,1.34e-06,0.102,0.371,192.091,4,edm,DJ Snake,2019,8.0,2019-08-01,J Balvin
68734,4Xtlw8oXkIOvzV7crUBKeZ,Daddy Yankee,Barrio Fino En Directo,Rompe,74,188626,True,0.696,0.858,9,-5.155,1,0.0859,0.0727,3.19e-06,0.0631,0.533,176.061,4,latino,Daddy Yankee,2006,1.0,2006-01-01,Daddy Yankee
68915,48zFZh27QU5qsrBjn4C2FA,Ozuna;Manuel Turizo,Aura,Vaina Loca,74,176133,False,0.754,0.805,6,-4.249,1,0.0752,0.315,0.0,0.203,0.555,93.982,4,latino,Ozuna,2018,8.0,2018-08-01,Ozuna
67400,5YUyW9opqNsMSEzzecZih1,Nicky Jam;J Balvin,Intimo,X,74,172854,False,0.594,0.749,9,-5.298,0,0.056,0.0338,0.00106,0.3,0.694,179.968,4,latin,Nicky Jam,2018,9.0,2018-09-01,J Balvin
68613,0bBd6K5X4W7t9GyXcaVOA7,J Balvin;Ed Sheeran,Sigue/Forever My Love,Sigue,74,159386,True,0.889,0.641,7,-4.494,1,0.0668,0.0515,2.75e-05,0.19,0.588,87.99,4,latino,J Balvin,2021,11.0,2021-11-01,J Balvin
68614,5Pg4qYTcvCUBBq3jBhKq0t,Daddy Yankee;Pitbull,LEGENDADDY,HOT,74,154493,True,0.898,0.677,11,-6.422,0,0.243,0.0223,0.0,0.35,0.578,130.027,4,latino,Daddy Yankee,2022,2.0,2022-02-01,Daddy Yankee
68715,1RouRzlg8OKFeqc6LvdxmB,Maluma,F.A.M.E.,Felices los 4,74,230000,False,0.766,0.756,5,-5.861,1,0.132,0.213,0.0,0.349,0.716,94.027,4,latino,Maluma,2017,3.0,2017-03-01,Maluma
67806,2CGhzWArXQZG86V1Ztv4Q2,Ozuna,OzuTochi,Mañana,73,192320,False,0.865,0.522,6,-4.648,1,0.0761,0.105,0.0154,0.0671,0.692,91.015,4,latin,Ozuna,2022,7.0,2022-07-01,Ozuna
20431,0KoiMHhqKLoL4xM54rcWYY,DJ Snake;Selena Gomez;Ozuna;Cardi B,Carte Blanche,"Taki Taki (feat. Selena Gomez, Ozuna & Cardi B)",73,212500,True,0.842,0.801,8,-4.167,0,0.228,0.157,4.82e-06,0.0642,0.617,95.881,4,dance,DJ Snake,2018,9.0,2018-09-01,Ozuna
20308,0YammaEkYSeo9vQYZ1OwS6,David Guetta;Bebe Rexha;J Balvin,7,Say My Name,73,198946,False,0.703,0.66,10,-5.119,0,0.123,0.137,0.0,0.192,0.79,95.031,4,dance,David Guetta,2019,11.0,2019-11-01,J Balvin
68822,2gdBsRfuWGwJwe3X5XwZuI,Ozuna,La Copa,La Copa,72,154628,False,0.913,0.803,0,-3.911,1,0.0353,0.116,0.000275,0.111,0.947,126.016,4,latino,Ozuna,2022,11.0,2022-11-01,Ozuna
37351,3Ga6eKrUFf12ouh9Yw3v2D,Anitta;J Balvin,Downtown,Downtown,72,193456,False,0.775,0.679,4,-4.985,0,0.135,0.18,7.26e-05,0.068,0.619,166.008,4,funk,Anitta,2019,7.0,2019-07-01,J Balvin
68961,1LIqNVhaIgxXUt2eVoIQJ3,Maluma,11:11,HP,72,184435,True,0.837,0.791,4,-3.157,0,0.0773,0.252,1.14e-06,0.188,0.618,91.98,4,latino,Maluma,2020,8.0,2020-08-01,Maluma
67556,6KuqAtoeVzxAYOaMveLNpH,Daddy Yankee,Dura,Dura,72,200480,False,0.783,0.84,1,-3.416,1,0.051,0.174,0.0,0.412,0.839,95.001,4,latin,Daddy Yankee,2018,1.0,2018-01-01,Daddy Yankee
67452,7COfe3P7KgfwDwIRB8LIDw,J Balvin;Willy William,Vibras,Mi Gente,72,185040,False,0.548,0.704,11,-4.838,0,0.0777,0.0168,2.25e-05,0.143,0.288,104.666,4,latin,J Balvin,2017,6.0,2017-06-01,J Balvin
67550,0GzuHFG4Ql6DoyxFRnIk3F,Maluma;The Weeknd,Hawái (Remix),Hawái - Remix,72,200481,False,0.766,0.788,6,-3.128,0,0.312,0.105,5.81e-06,0.142,0.609,179.984,4,latin,Maluma,2021,2.0,2021-02-01,Maluma
67301,6rPO02ozF3bM7NnOV4h6s2,Luis Fonsi;Daddy Yankee;Justin Bieber,Despacito Feat. Justin Bieber (Remix),Despacito - Remix,72,228826,False,0.653,0.816,2,-4.353,1,0.167,0.228,0.0,0.0967,0.816,178.085,4,latin,Luis Fonsi,2017,4.0,2017-04-01,Daddy Yankee
88856,2AY1UAimvTqjJC8vDJsOyy,Becky G;Bad Bunny,MALA SANTA,Mayores,72,203186,False,0.745,0.836,5,-4.336,0,0.0444,0.145,0.00314,0.116,0.874,96.993,4,reggae,Becky G,2017,7.0,2017-07-01,Bad Bunny
89964,7iqOIHHEmu6Vhw25GgQ2eA,J Balvin;Sech,JOSE,Una Nota,71,170760,False,0.662,0.788,3,-4.55,0,0.205,0.0191,0.0,0.0559,0.711,179.876,4,reggaeton,J Balvin,2019,12.0,2019-12-01,J Balvin
68970,0JAZWvvqttGFm4UMDsPQXC,Ozuna;Camilo,Enoc,Despeinada,70,224186,False,0.734,0.775,8,-3.855,1,0.0614,0.186,0.000542,0.123,0.72,166.039,4,latino,Ozuna,2021,7.0,2021-07-01,Ozuna
68723,2C2TGgFzrTRIOdQS1vUN5h,J Balvin,Energía,Ginza,70,171093,False,0.73,0.809,5,-6.406,0,0.0876,0.208,0.0013,0.0804,0.825,101.965,4,latino,J Balvin,2015,8.0,2015-08-01,J Balvin
68956,0nDGgXV5oI8TdAmWjUx65l,J Balvin;Ryan Castro,Nivel De Perreo,Nivel De Perreo,70,151573,True,0.802,0.828,1,-3.601,1,0.0756,0.0217,0.0,0.0692,0.722,91.983,4,latino,J Balvin,2022,6.0,2022-06-01,J Balvin
68808,5PXsZaT8cOxb4mXrA20PMQ,Ozuna,Nibiru,Baila Baila Baila,70,158760,False,0.837,0.626,11,-5.674,0,0.152,0.0588,0.0,0.252,0.592,99.987,4,latino,Ozuna,2019,4.0,2019-04-01,Ozuna
68758,6MJUCumnQsQEKbCy28tbCP,Daddy Yankee;Anuel AA,Adictiva,Adictiva,70,207853,False,0.788,0.771,4,-3.206,0,0.0563,0.291,5.62e-05,0.172,0.701,99.038,4,latino,Daddy Yankee,2018,8.0,2018-08-01,Daddy Yankee
33000,2LskIZrCeLxRvCiGP8gxlh,XXXTENTACION;Lil Pump;Swae Lee;Maluma,Arms Around You (feat. Maluma & Swae Lee),Arms Around You (feat. Maluma & Swae Lee),70,198902,True,0.703,0.723,9,-5.45,0,0.0412,0.0302,2.06e-06,0.126,0.288,104.969,4,emo,XXXTENTACION,2018,12.0,2018-12-01,Maluma
68801,7CtbxAGq2P0jtYh6SH9DMR,Tainy;J Balvin,The SpongeBob Movie: Sponge On The Run (Original Motion Picture Soundtrack),Agua (with J Balvin),69,159665,False,0.778,0.651,9,-5.421,0,0.266,0.167,0.0,0.177,0.569,100.094,4,latino,Tainy,2020,8.0,2020-08-01,J Balvin
68810,6Ges5C2IE738iJh4HyQizQ,J Balvin,La Familia B Sides,Ay Vamos,69,226413,False,0.718,0.711,8,-5.746,0,0.11,0.157,5.54e-05,0.1,0.92,173.916,4,latino,J Balvin,2015,5.0,2015-05-01,J Balvin
37052,6k2900NjJeVqZM55G3Danu,MC Fioti;Future;J Balvin;Stefflon Don;Juan Magán,Bum Bum Tam Tam,Bum Bum Tam Tam,69,213988,True,0.896,0.675,1,-3.908,1,0.124,0.346,8.11e-06,0.262,0.659,131.999,4,funk,MC Fioti,2017,11.0,2017-11-01,J Balvin
68730,6RyaV7owmVU6fzEPE17sF1,Daddy Yankee,Que Tire Pa Lante,Que Tire Pa Lante,69,210520,False,0.658,0.901,7,-2.814,1,0.0357,0.0478,0.0,0.12,0.708,93.979,4,latino,Daddy Yankee,2020,11.0,2020-11-01,Daddy Yankee
68764,5cepAtqnEQ6yVG6088zMMu,Maluma;Nego do Borel,F.A.M.E.,Corazón (feat. Nego do Borel),69,184720,False,0.722,0.738,9,-6.073,0,0.247,0.328,1.47e-05,0.198,0.748,198.075,4,latino,Maluma,2017,8.0,2017-08-01,Maluma
68819,6zEgnpM0qYmHLDnh8WPejL,J Balvin,Colores,Amarillo,69,157733,False,0.641,0.857,1,-5.725,0,0.301,0.013,0.00534,0.0695,0.961,122.728,5,latino,J Balvin,2020,3.0,2020-03-01,J Balvin
21163,0Rj2yNpEvXOl8yn9UOuIRs,Charly Black;Daddy Yankee,Gyal You A Party Animal (Remix),Gyal You A Party Animal - Remix,68,224320,False,0.729,0.894,0,-4.054,1,0.0798,0.0612,0.0,0.36,0.757,101.053,4,dancehall,Charly Black,2015,8.0,2015-08-01,Daddy Yankee
68814,4VgYtXCVJ7IbWAZ5ryfvEQ,Nicky Jam;Daddy Yankee,Muévelo,Muévelo,68,194892,False,0.594,0.808,7,-2.409,1,0.0489,0.415,1.39e-05,0.565,0.919,188.09,4,latino,Nicky Jam,2022,2.0,2022-02-01,Daddy Yankee
89967,456xBIOmLRoLzCvCzZrWge,J Balvin;Pharrell Williams;BIA;Sky Rompiendo,Energía,Safari,68,205600,False,0.689,0.675,0,-4.281,1,0.32,0.531,3.17e-06,0.115,0.604,180.065,4,reggaeton,J Balvin,2016,11.0,2016-11-01,J Balvin
51359,4OUAXw3SXI7bUiNtKC7ErW,Badshah;J Balvin;Tainy,Voodoo (with J Balvin & Tainy),Voodoo (with J Balvin & Tainy),68,198130,True,0.797,0.782,3,-4.658,0,0.0504,0.00335,0.0,0.138,0.503,99.999,4,hip-hop,Badshah,2022,4.0,2022-04-01,J Balvin
68654,6JjPBQfI2Y8nIjnm65X6Pw,Nicky Jam;J Balvin;Maluma;Ozuna,X (feat. Maluma & Ozuna) [Remix],X (feat. Maluma & Ozuna) - Remix,68,235746,False,0.663,0.696,9,-4.957,0,0.103,0.0561,3.77e-05,0.0778,0.738,180.113,4,latino,Nicky Jam,2018,12.0,2018-12-01,J Balvin
68659,6U2NuJILEOEpW2tVCuqKHb,Daddy Yankee;Natti Natasha;Becky G;Bad Bunny,Dura (Remix),Dura - Remix,68,242160,False,0.772,0.803,1,-3.035,1,0.0468,0.188,0.0,0.434,0.853,94.981,4,latino,Daddy Yankee,2018,4.0,2018-04-01,Daddy Yankee
68733,2dl5K2ScW7jYhAhuem06cm,Daddy Yankee,PROBLEMA,PROBLEMA,68,184506,True,0.773,0.8,10,-3.17,0,0.0987,0.0613,0.00403,0.0327,0.842,89.988,4,latino,Daddy Yankee,2021,3.0,2021-03-01,Daddy Yankee
21160,37eGbhE1xVFSvcKkqGb6i1,Sean Paul;J Balvin,Contra La Pared,Contra La Pared,68,224680,False,0.828,0.588,2,-7.14,1,0.118,0.0156,0.0,0.124,0.598,94.052,4,dancehall,Sean Paul,2019,3.0,2019-03-01,J Balvin
68902,42FWqCxAw5aG1FvjyVjIlH,Darell;Casper Magico;Nio Garcia;Nicky Jam;Ozuna;Bad Bunny,Te Boté (Clean Version),Te Boté,68,275693,False,0.918,0.602,4,-3.986,0,0.115,0.401,7.28e-06,0.0805,0.158,96.518,4,latino,Darell,2018,4.0,2018-04-01,Ozuna
68959,0A37XY67wSdGqkGjtfW6aV,Rauw Alejandro;Anuel AA;Natti Natasha;Farruko;Lunay,Fantasias (Remix) [feat. Farruko & Lunay],Fantasias - Remix,67,267241,False,0.816,0.72,1,-4.454,1,0.0684,0.206,0.0,0.277,0.78,94.004,4,latino,Rauw Alejandro,2020,9.0,2020-09-01,Rauw Alejandro
68753,66x45Yh9x397PWpxMX0ZDT,J Balvin;Dua Lipa;Bad Bunny;Tainy,JOSE,UN DIA (ONE DAY),67,232146,False,0.58,0.695,6,-8.244,0,0.0671,0.00638,0.0,0.174,0.402,168.124,4,latino,J Balvin,2020,7.0,2020-07-01,J Balvin
95300,2wRkBumdItthjYP9XknImg,Marc Anthony;Will Smith;Bad Bunny,Está Rico,Está Rico,66,215151,False,0.817,0.74,11,-4.566,0,0.283,0.266,0.0,0.0992,0.674,130.04,4,salsa,Marc Anthony,2018,12.0,2018-12-01,Bad Bunny
67860,2snbAel9GoxA6i6iH0Wvw9,Ozuna,OzuTochi,Te Pienso,66,147760,False,0.668,0.533,2,-7.409,1,0.098,0.117,0.0,0.305,0.676,163.733,4,latin,Ozuna,2022,7.0,2022-07-01,Ozuna
68750,2CdTLdDjwZdVcm0bresVWx,J Balvin;Khalid,Otra Noche Sin Ti,Otra Noche Sin Ti,66,228920,False,0.503,0.548,0,-7.564,0,0.164,0.0751,0.000234,0.145,0.441,94.036,4,latino,J Balvin,2021,2.0,2021-02-01,J Balvin
30520,0U6bQIAh6MCGo1xjbIIx2S,Dimitri Vegas & Like Mike;David Guetta;Daddy Yankee;Afro Bros;Natti Natasha;Dimitri Vegas;Like Mike,Instagram,Instagram,66,184558,True,0.765,0.906,8,-2.097,0,0.0965,0.125,0.0,0.423,0.95,96.071,4,edm,Dimitri Vegas & Like Mike,2019,5.0,2019-05-01,Daddy Yankee
32153,1OUPXna2MCgAt3VNmXJBtg,Tropkillaz;J Balvin;Anitta;ZAAC,Bola Rebola,Bola Rebola,66,193440,False,0.834,0.777,5,-4.538,0,0.0593,0.22,0.00609,0.335,0.865,129.984,4,electronic,Tropkillaz,2019,6.0,2019-06-01,J Balvin
68807,62o8KoI44JfN7aYxgTnPvh,Maluma,Mala Mía,Mala Mía,66,183752,False,0.749,0.752,6,-4.883,1,0.345,0.31,0.0,0.232,0.901,180.049,4,latino,Maluma,2018,3.0,2018-03-01,Maluma
68919,7F7kL3i6SDEIbDcoJZGiig,Daddy Yankee,Sígueme Y Te Sigo,Sígueme Y Te Sigo,66,209786,False,0.736,0.878,1,-3.604,0,0.0428,0.069,6.39e-05,0.756,0.663,100.025,4,latino,Daddy Yankee,2016,9.0,2016-09-01,Daddy Yankee
68857,2D3z17LBMJ2HEHeBFFjTLi,J Balvin,Reggaeton,Reggaeton,66,158800,False,0.747,0.74,4,-4.325,0,0.191,0.0165,9.94e-05,0.101,0.552,176.059,4,latino,J Balvin,2021,9.0,2021-09-01,J Balvin
68718,7gcMKL3lnDxsp4bIXyv6Zk,Daddy Yankee,Shaky Shaky,Shaky Shaky,65,234320,False,0.899,0.626,6,-4.228,0,0.292,0.076,0.0,0.0631,0.873,88.007,4,latino,Daddy Yankee,2016,5.0,2016-05-01,Daddy Yankee
68964,343HgC6SVFtTAgMPlGoNjn,Daddy Yankee;Myke Towers;Jhayco,SÚBELE EL VOLUMEN,SÚBELE EL VOLUMEN,65,223366,True,0.83,0.623,6,-4.056,1,0.0801,0.0219,0.0,0.0812,0.614,101.036,4,latino,Daddy Yankee,2021,8.0,2021-08-01,Daddy Yankee
68752,3gE4eQH3K83Sght0ZLvuBK,Bad Bunny;Drake,X 100PRE,MIA,65,210367,False,0.816,0.538,6,-6.354,0,0.0617,0.0142,0.000496,0.099,0.156,97.054,4,latino,Bad Bunny,2018,10.0,2018-10-01,Bad Bunny
68720,2GPCE96x9Go6acdDt8ex6p,J Balvin;Dua Lipa;Bad Bunny;Tainy,Future Nostalgia (The Moonlight Edition),Un Día (One Day),65,231815,False,0.572,0.634,6,-10.599,0,0.0617,0.00547,0.0,0.129,0.432,168.136,4,latino,J Balvin,2020,7.0,2020-07-01,J Balvin
67904,1DoK3CdipMjplLk5LXUdcp,J Balvin;Willy William;Beyoncé,Mi Gente (feat. Beyoncé),Mi Gente (feat. Beyoncé),64,209733,False,0.759,0.716,11,-6.36,0,0.0818,0.0223,0.0,0.231,0.469,105.021,4,latin,J Balvin,2017,9.0,2017-09-01,J Balvin
67805,4au7FRcgZzChASRYu279xH,Daddy Yankee;Katy Perry;Snow,Con Calma (Remix),Con Calma - Remix,64,181280,False,0.736,0.868,8,-3.01,0,0.0454,0.166,1.48e-06,0.0419,0.613,94.026,4,latin,Daddy Yankee,2019,4.0,2019-04-01,Daddy Yankee
67858,2sZzEKY3DxpY8V87SuYoU2,Ozuna,OzuTochi,Favorita,64,208133,False,0.783,0.489,0,-4.853,0,0.0956,0.141,0.00915,0.303,0.732,170.003,4,latin,Ozuna,2017,8.0,2017-08-01,Ozuna
67866,4ZlHgEGwZb3PCq0OWFbhcO,Ozuna,OzuTochi,Kotodama,63,188533,False,0.884,0.694,0,-3.241,1,0.0716,0.156,0.0188,0.3,0.597,93.025,4,latin,Ozuna,2022,7.0,2022-07-01,Ozuna
67862,07oas8KpAMIkwuetf81Zen,Ozuna;Chencho Corleone;Arcangel;J Balvin;Randy,OzuTochi,El Cel,63,287813,False,0.521,0.799,6,-5.205,1,0.162,0.0796,0.00709,0.0928,0.945,165.908,4,latin,Ozuna,2022,5.0,2022-05-01,J Balvin
67856,1TRnIxwWeJoE6MVimzjw2w,Ozuna;Danny Ocean,OzuTochi,4:22,63,193360,False,0.771,0.727,1,-4.285,0,0.0416,0.0205,4.54e-06,0.291,0.649,104.035,4,latin,Ozuna,2022,7.0,2022-07-01,Ozuna
68711,139nCjBRQCLgnWNRxBKAC7,Ozuna;GIMS;RedOne;FIFA Sound,Arhbo [Music from the FIFA World Cup Qatar 2022 Official Soundtrack],Arhbo [Music from the FIFA World Cup Qatar 2022 Official Soundtrack],63,219831,False,0.675,0.888,11,-3.343,1,0.035,0.12,0.00967,0.337,0.526,119.018,4,latino,Ozuna,2022,11.0,2022-11-01,Ozuna
67868,5PgBTczNS4lpNmHVaPPqoU,Ozuna,OzuTochi,Días y Meses,62,192320,False,0.842,0.579,1,-5.504,1,0.0556,0.119,0.126,0.137,0.7,95.005,4,latin,Ozuna,2022,7.0,2022-07-01,Ozuna
88753,7BuSE9uTIw931wtZYzvZcQ,Sebastian Yatra;Daddy Yankee;Natti Natasha;Jonas Brothers,Runaway,Runaway,62,200693,False,0.756,0.851,2,-3.33,1,0.0674,0.0336,0.0,0.126,0.934,75.014,4,reggae,Sebastian Yatra,2020,7.0,2020-07-01,Daddy Yankee
67859,5br09BQU134gRX5M6HMnmr,Ozuna;TINI,OzuTochi,Un Reel,62,203840,False,0.715,0.744,9,-4.963,1,0.0487,0.233,0.000159,0.122,0.746,163.005,4,latin,Ozuna,2022,3.0,2022-03-01,Ozuna
36152,71MEWIf4Itr8Pd9OW5Mq7q,GIMS;Maluma,Hola Señorita,Hola Señorita,62,206853,False,0.588,0.796,0,-3.945,0,0.262,0.386,0.0,0.198,0.546,192.128,4,french,GIMS,2019,6.0,2019-06-01,Maluma
67855,52AHKfP6qQ3feLjPCDTiRI,Ozuna;Pedro Capó,OzuTochi,Mar Chiquita,62,204413,False,0.713,0.76,0,-4.628,0,0.0421,0.304,1.79e-05,0.0656,0.668,98.015,4,latin,Ozuna,2022,6.0,2022-06-01,Ozuna
67704,7CUYHcu0RnbOnMz4RuN07w,Luis Fonsi;Daddy Yankee,Despacito (Featuring Daddy Yankee),Despacito (Featuring Daddy Yankee),61,228200,False,0.659,0.802,2,-4.79,1,0.148,0.208,0.0,0.123,0.863,177.936,4,latin,Luis Fonsi,2017,1.0,2017-01-01,Daddy Yankee
67870,7qUv2Tq895aJc6g4O1F6Zs,Ozuna,OzuTochi,Vida,61,152626,False,0.728,0.577,1,-5.371,0,0.0538,0.0502,0.000309,0.0589,0.318,169.988,4,latin,Ozuna,2020,8.0,2020-08-01,Ozuna
67861,7Hr9ke37qeKfCajWSZ4iet,Ozuna;Nesi,OzuTochi,La Suzi,61,155933,False,0.541,0.544,11,-7.559,0,0.258,0.28,0.0115,0.289,0.456,98.015,4,latin,Ozuna,2020,8.0,2020-08-01,Ozuna
21342,6UbWYuDxDYmYYhsNYuYPPC,Burna Boy;J Balvin,"Love, Damini",Rollercoaster (feat. J Balvin),60,187269,False,0.774,0.687,9,-9.994,1,0.0744,0.116,0.0012,0.129,0.791,98.993,4,dancehall,Burna Boy,2020,9.0,2020-09-01,J Balvin
67869,5Os2tLxqWCi3FexbWdWDAm,Ozuna,OzuTochi,Te Marchaste,59,240026,False,0.738,0.67,5,-4.407,0,0.0792,0.487,3.25e-06,0.295,0.475,90.004,4,latin,Ozuna,2020,8.0,2020-08-01,Ozuna
32537,5QXQy0f2q8wJNpPwJtjifx,DJ Snake;J Balvin;Ozuna;Nicky Jam;Natti Natasha;Darell;Sech,"Loco Contigo (with J. Balvin & Ozuna feat. Nicky Jam, Natti Natasha, Darell & Sech) [REMIX]","Loco Contigo (with J. Balvin & Ozuna feat. Nicky Jam, Natti Natasha, Darell & Sech) - REMIX",59,341875,False,0.789,0.694,6,-5.781,0,0.0729,0.0982,0.0,0.0962,0.549,96.035,4,electronic,DJ Snake,2019,8.0,2019-08-01,J Balvin
67872,5pvy8p5jyXqr6bjzQRDPjm,Ozuna;Tokischa;Louchie Lou;Michie One,OzuTochi,Somos Iguales,58,172413,False,0.836,0.64,1,-4.14,1,0.0809,0.0301,0.000249,0.311,0.435,97.013,4,latin,Ozuna,2022,7.0,2022-07-01,Ozuna
67811,4PlkeOWaeaS9e0R2DvZUgc,Ozuna;El Cherry Scom,OzuTochi,Perreo y Dembow,58,162026,False,0.913,0.722,7,-2.949,1,0.0576,0.0171,0.0978,0.139,0.545,110.015,4,latin,Ozuna,2022,7.0,2022-07-01,Ozuna
67864,4u4EnZpoThBaxVRLMHyVOA,Ozuna,OzuTochi,Cielos Rosado,58,182840,False,0.86,0.72,6,-6.191,0,0.0454,0.0234,0.168,0.377,0.23,120.0,4,latin,Ozuna,2020,8.0,2020-08-01,Ozuna
32416,1FAjjAWCMbsIR9fCqC2sRm,Tropkillaz;J Balvin;Anitta;ZAAC;M3B,Bola Rebola (Remixes),Bola Rebola - M3B Remix,56,149567,False,0.726,0.869,1,-4.15,1,0.072,0.00511,0.00512,0.236,0.598,130.0,4,electronic,Tropkillaz,2019,8.0,2019-08-01,J Balvin
68900,4riu4aBQtqszCfyX2dbF7d,Zion & Lennox;Daddy Yankee,Motivando a la Yal Special Edition,Yo Voy,56,231840,False,0.793,0.747,7,-4.854,0,0.165,0.0694,0.0,0.0828,0.57,95.036,4,latino,Zion & Lennox,2015,9.0,2015-09-01,Daddy Yankee
68818,23YaKmzWDeP2wagOfz2mUY,Daddy Yankee;Pitbull;Lil Jon;Noriega;DJ Buddha,"Reggaeton! (18 Latin Hits, The Very Best of Reggaeton, Dembow, Urban)","Gasolina (with Pitbull, Lil Jon, Noriega, Dj Buddha) - Dj Buddha Remix",55,283040,False,0.714,0.817,6,-7.524,1,0.188,0.0435,0.0,0.122,0.637,96.021,4,latino,Daddy Yankee,2004,1.0,2004-01-01,Daddy Yankee
89965,7qCHqtiSiX3T09ErW718yQ,J Balvin;Metallica,Wherever I May Roam,Wherever I May Roam,54,158573,False,0.685,0.731,5,-6.121,1,0.033,0.00217,0.0,0.372,0.171,128.968,4,reggaeton,J Balvin,2021,12.0,2021-12-01,J Balvin
68719,7w1RxkQtEwKYEoyQuaxfXW,J Balvin;Willy William;HUGEL,Mi Gente (Hugel Remix),Mi Gente - Hugel Remix,53,208773,False,0.948,0.673,9,-4.439,1,0.182,0.0555,0.000572,0.0739,0.785,119.974,4,latino,J Balvin,2017,12.0,2017-12-01,J Balvin
83737,3FpwEUCh753Vv5u4rrmn4K,Dimitri Vegas & Like Mike;David Guetta;Daddy Yankee;Afro Bros;Natti Natasha;Dimitri Vegas;Bassjackers,Tomorrowland 2019 EP,Instagram - Bassjackers Remix,49,217178,True,0.494,0.823,6,-3.877,1,0.0813,0.025,0.00101,0.209,0.291,128.037,4,progressive-house,Dimitri Vegas & Like Mike,2019,8.0,2019-08-01,Daddy Yankee
83868,2UdCIrsZR9bw96kcLAyAyh,Dimitri Vegas & Like Mike;David Guetta;Daddy Yankee;Afro Bros;Natti Natasha;Dimitri Vegas;R3HAB,Instagram (R3HAB Remix),Instagram - R3HAB Remix,48,151897,True,0.436,0.858,1,-4.069,0,0.104,0.0554,0.0,0.173,0.502,122.568,4,progressive-house,Dimitri Vegas & Like Mike,2019,9.0,2019-09-01,Daddy Yankee
21718,5RE2mMitKRWTQuh1jSzlBu,Sean Paul;J Balvin;Good Times Ahead,Contra La Pared (Remixes),Contra La Pared - GTA Remix,47,257274,False,0.829,0.863,10,-3.591,1,0.067,0.00206,0.0193,0.116,0.641,126.02,4,dancehall,Sean Paul,2019,5.0,2019-05-01,J Balvin
68661,1XlpaijGmAY0pWe16oucrC,J Balvin;Pitbull;Camila Cabello,Hey Ma (with J Balvin & Pitbull feat. Camila Cabello),Hey Ma (with J Balvin & Pitbull feat. Camila Cabello),47,195040,False,0.713,0.952,7,-2.959,1,0.108,0.0203,2.51e-06,0.117,0.571,105.981,4,latino,J Balvin,2017,4.0,2017-04-01,J Balvin
68911,7lRp0mTu0oAaN3avFuouoQ,Nicky Jam;J Balvin,X (Spanglish Version),X - Spanglish Version,45,172128,False,0.658,0.721,9,-3.803,0,0.0699,0.00217,0.000396,0.341,0.677,180.033,4,latino,Nicky Jam,2018,11.0,2018-11-01,J Balvin
68955,2bpAc1gfwkDc8BYTbblAaf,J Balvin;Nicky Jam;French Montana,Musica Reggaeton,Ay Vamos - Remix,35,296426,True,0.718,0.801,1,-4.319,0,0.081,0.141,0.000526,0.0743,0.884,173.962,4,latino,J Balvin,2015,8.0,2015-08-01,J Balvin
48661,0bbaUMJLmpkzBpsGN6rjdE,N.O.R.E.;Daddy Yankee;Nina Sky;Gemstar;Big Mato,Latin Urban Christmas Party,Oye Mi Canto,32,240973,True,0.677,0.946,6,-2.887,1,0.0548,0.184,3.73e-06,0.274,0.948,96.011,4,hardcore,N.O.R.E.,2005,1.0,2005-01-01,Daddy Yankee
51229,2xXAcD0zzapYgSl5z1A847,Daddy Yankee;Wisin & Yandel,Esto No Se Le Dedica A Cualquiera,Si Supieras,9,241880,False,0.691,0.894,9,-1.681,0,0.115,0.291,0.0,0.104,0.623,184.018,4,hip-hop,Daddy Yankee,2015,1.0,2015-01-01,Daddy Yankee
51175,1rhSz40cKH9mzrlJKhg0E4,Daddy Yankee;Plan B,FELIZ CUMPLEAÑOS,Sábado Rebelde,7,240266,False,0.771,0.905,6,-3.268,0,0.155,0.11,7.46e-06,0.656,0.858,163.978,4,hip-hop,Daddy Yankee,2012,1.0,2012-01-01,Daddy Yankee
67054,27jKLapVKaNuoMQMHR988Z,Feid,Esto No Se Le Dedica A Cualquiera,AMOR DE MI VIDA,7,189613,False,0.735,0.674,6,-5.629,0,0.124,0.18,0.0,0.108,0.561,171.883,4,latin,Feid,2020,8.0,2020-08-01,Feid
67072,2eeqdn2XNYJ6beAoHFa4xY,Feid;Sky Rompiendo,Esto No Se Le Dedica A Cualquiera,Quemando Calorías,7,182506,False,0.678,0.698,7,-4.57,1,0.0587,0.00214,4.94e-06,0.0945,0.812,192.005,4,latin,Feid,2021,11.0,2021-11-01,Feid
67063,3i9uGfgo9kXoRUNAl3M8Mr,Feid,Esto me suena a Farra,Ferxxo 100,6,167760,False,0.705,0.562,8,-3.378,0,0.0674,0.257,0.0,0.137,0.569,163.893,4,latin,Feid,2022,10.0,2022-10-01,Feid
68072,49eU6cfKOpuh3DiuwNma5l,J Balvin,Del gusto de hermanos,Sigo Extrañándote,6,201280,False,0.896,0.859,11,-4.232,0,0.21,0.154,0.000109,0.212,0.938,93.016,4,latino,J Balvin,2014,6.0,2014-06-01,J Balvin
67071,7os9XpTNiXBjyAzLZ5AkNZ,Feid,Esto No Se Le Dedica A Cualquiera,SI TÚ SUPIERAS,6,196373,False,0.673,0.664,4,-5.382,0,0.177,0.376,0.0,0.111,0.586,174.972,4,latin,Feid,2022,7.0,2022-07-01,Feid
67066,0NkCTkOwdk3fKXGqFXZLkx,Feid;Dalex,Fiesta Reggaeton 2010s,Ron - Remix,5,187720,False,0.764,0.685,8,-5.548,0,0.0599,0.27,0.0,0.318,0.925,82.027,4,latin,Feid,2020,10.0,2020-10-01,Feid
81529,04V3hO138BCddFy9TmTUic,Feid;Sech,Halloween 2022 Perreo Vol. 4,JAMAICA,5,224240,False,0.52,0.542,1,-7.404,0,0.155,0.0383,0.0,0.371,0.669,81.131,4,pop,Feid,2021,6.0,2021-06-01,Feid
67165,6dR1uxzRh6aewJ3WQg0GY6,J Balvin,Halloween 2022 Perreo Vol. 1,Rojo,5,151146,False,0.652,0.595,11,-4.04,1,0.117,0.15,0.000106,0.0836,0.421,172.277,4,latin,J Balvin,2020,3.0,2020-03-01,J Balvin
51245,1H25cHqoclhvwvl7BPyCbW,Daddy Yankee,Halloween 2022 Perreo Vol. 3,Hula Hoop,4,236493,False,0.799,0.818,6,-4.628,1,0.0801,0.113,0.00315,0.0942,0.951,175.998,4,hip-hop,Daddy Yankee,2022,2.0,2022-02-01,Daddy Yankee
88135,2dTeSx3Ve6tIum4T7haUWO,KAROL G;Bad Bunny,Feliz Cumpleaños con Perreo,Ahora Me Llama,4,233293,True,0.652,0.577,7,-5.273,0,0.0373,0.00947,4.02e-05,0.0905,0.123,135.009,4,reggae,KAROL G,2017,11.0,2017-11-01,KAROL G
88189,5RZ2onkccYP8RbSamO0hXT,KAROL G;Camilo,Esto No Se Le Dedica A Cualquiera,CONTIGO VOY A MUERTE,4,219960,False,0.77,0.852,11,-2.593,1,0.0489,0.201,3.06e-06,0.0623,0.785,82.997,4,reggae,KAROL G,2022,5.0,2022-05-01,KAROL G
67068,0v9JszVQes7SlJ3UKqkdt2,Feid,Esto No Se Le Dedica A Cualquiera,TENGO FE,4,146426,False,0.757,0.571,7,-4.547,0,0.0906,0.264,8.97e-06,0.313,0.538,159.933,4,latin,Feid,2022,10.0,2022-10-01,Feid
67284,2hQMQgsTvJx7GykYm7FQOy,Jhayco;Anuel AA;J Balvin,Feliz Cumpleaños con Perreo,Medusa,4,304920,True,0.841,0.601,0,-7.295,1,0.223,0.197,3.35e-06,0.11,0.362,97.912,4,latin,Jhayco,2021,3.0,2021-03-01,J Balvin
67104,3LaQzvfIetBWdtIV0JoBwF,J Balvin;Bad Bunny;Mr Eazi,Feliz Cumpleaños con Perreo,COMO UN BEBÉ,4,218826,False,0.825,0.807,6,-5.753,1,0.095,0.0741,4.79e-06,0.138,0.816,103.053,4,latin,J Balvin,2019,6.0,2019-06-01,J Balvin
67177,6g9qibs8qNFnG1dFPYp48V,J Balvin,Halloween 2022 Perreo Vol. 1,Ambiente,4,249253,False,0.789,0.736,2,-6.279,0,0.0896,0.136,0.0,0.681,0.782,81.014,4,latin,J Balvin,2021,9.0,2021-09-01,J Balvin
67088,4uJnQswt7f4r0tuI37wNFk,Feid,Feliz Cumpleaños con Perreo,La Buena Fai,4,144573,False,0.712,0.539,2,-5.194,1,0.174,0.116,0.0,0.219,0.406,167.764,4,latin,Feid,2019,3.0,2019-03-01,Feid
51196,2T1SNgLERipx3n6iVTeHZA,Daddy Yankee;Nicky Jam;Plan B;Rome & Urba,Halloween 2022 Perreo Vol. 1,Shaky Shaky - Remix,4,234560,False,0.813,0.786,6,-4.133,0,0.154,0.107,0.0,0.238,0.828,175.908,4,hip-hop,Daddy Yankee,2016,8.0,2016-08-01,Daddy Yankee
88169,3fB70pYlNuZCm29h41d9Rm,KAROL G,Feliz Cumpleaños con Perreo,EL BARCO,3,203506,False,0.85,0.847,8,-3.435,0,0.0435,0.606,0.000159,0.33,0.915,143.975,4,reggae,KAROL G,2022,3.0,2022-03-01,KAROL G
67115,7708qrA9gHIrwuVf6QdjAH,Feid,Reggeaton Imperdible,Castigo,3,177280,True,0.728,0.68,8,-4.129,0,0.165,0.0865,1.06e-06,0.1,0.704,179.839,4,latin,Feid,2020,1.0,2020-01-01,Feid
51185,6qMj7ctUqGyqWaSh62I4I4,Daddy Yankee;Sech,Halloween 2022 Perreo Vol. 5,Definitivamente,3,217773,False,0.812,0.764,8,-3.39,0,0.101,0.59,0.0,0.253,0.431,100.082,4,hip-hop,Daddy Yankee,2019,10.0,2019-10-01,Daddy Yankee
67309,4LwBxSuZQUJ6kKD1qbcQK7,Zion & Lennox;J Balvin,Tropical Vibes,Otra vez,3,209453,False,0.829,0.772,10,-5.43,1,0.104,0.0559,0.000488,0.44,0.702,95.995,4,latin,Zion & Lennox,2017,3.0,2017-03-01,J Balvin
67135,4sIhqSb3u7PhFWE5k1Xwg3,J Balvin;Zion & Lennox,Regageton Para Niños,No Es Justo,3,251266,False,0.811,0.812,7,-4.47,1,0.0635,0.151,0.000362,0.152,0.689,87.98,4,latin,J Balvin,2018,4.0,2018-04-01,J Balvin
67127,1oF3cqTJws6BixRDsyz0HU,J Balvin,Frescura y Perreo,Tu Veneno,3,157320,False,0.664,0.659,10,-4.232,0,0.0873,0.0625,0.00024,0.0874,0.797,175.826,4,latin,J Balvin,2015,1.0,2015-01-01,J Balvin
67132,6Es8MOlBfFcCmHZhhLoroo,Feid;Totoy El Frio,Bájale como 7500,De Tanto Chimbiar,3,186066,False,0.821,0.602,9,-6.628,1,0.168,0.108,0.0,0.246,0.628,90.035,4,latin,Feid,2020,7.0,2020-07-01,Feid
67166,6oJWYwInc2wnjNLUW4Vx0T,J Balvin,Halloween 2022 Pop Vol. 5,Rosa,3,190253,False,0.637,0.583,9,-5.686,0,0.258,0.258,8.19e-05,0.367,0.305,176.025,4,latin,J Balvin,2020,3.0,2020-03-01,J Balvin
67119,14MRXBE5YZoB8HRWf9Zn0I,J Balvin;Jay Wheeler,Esto No Se Le Dedica A Cualquiera,OTRO FILI,3,202546,False,0.855,0.638,5,-5.925,1,0.106,0.275,0.000259,0.105,0.641,81.988,4,latin,J Balvin,2021,9.0,2021-09-01,J Balvin
88144,1osQI3NXEuBCFWK9iEmLwG,KAROL G,Halloween 2022 Perreo Vol. 5,A Ella,3,198720,False,0.73,0.769,2,-4.936,1,0.178,0.244,2.06e-05,0.136,0.594,181.988,4,reggae,KAROL G,2019,9.0,2019-09-01,KAROL G
67098,4w2ffrCVQm9X4ToegFseY2,J Balvin,Noche de Halloween Latino,Negro,3,182506,False,0.791,0.907,0,-2.223,1,0.0884,0.0132,0.211,0.245,0.828,164.107,4,latin,J Balvin,2020,3.0,2020-03-01,J Balvin
68664,1SfiwIhYW3GjcZNXHsvoQE,Revol;J Balvin;Bad Bunny;Arcangel;De La Ghetto,Halloween 2022 Perreo Vol. 4,Dime,3,284626,False,0.771,0.66,11,-5.067,0,0.114,0.369,0.0,0.119,0.423,135.965,4,latino,Revol,2019,6.0,2019-06-01,J Balvin
20377,77Y5dUO0hTaxJ33pQ0G6Qh,Selena Gomez;Rauw Alejandro,Halloween 2022 Pop Vol. 5,Baila Conmigo,2,186087,False,0.824,0.545,5,-7.127,1,0.0699,0.0221,0.00375,0.097,0.683,149.912,4,dance,Selena Gomez,2021,4.0,2021-04-01,Rauw Alejandro
67117,5UAGqaLsYS9EgPJz0WvrB1,Feid;Maluma;Sky Rompiendo,Halloween 2022 Perreo Vol. 3,FRESH KERIAS,2,272800,False,0.741,0.582,8,-4.445,1,0.281,0.291,0.000101,0.152,0.713,186.096,4,latin,Feid,2022,4.0,2022-04-01,Feid
88335,6uWCsjSVEbZpf7KT9RFgos,Sebastian Yatra;Rauw Alejandro;Manuel Turizo,Regageton Para Niños,TBT,2,239146,False,0.703,0.844,11,-1.981,0,0.0811,0.0346,0.0,0.145,0.645,184.029,4,reggae,Sebastian Yatra,2022,4.0,2022-04-01,Rauw Alejandro
20839,6gAoypqlPJ7M07G7eKrBWA,DJ Snake;J Balvin;Tyga,Halloween 2022 Perreo Vol. 4,Loco Contigo,2,185194,False,0.827,0.757,6,-2.985,0,0.0564,0.283,1.56e-06,0.102,0.374,95.983,4,dance,DJ Snake,2019,8.0,2019-08-01,J Balvin
20838,7Ifnxt3NpU9Ky2VhC1RDUi,DJ Snake;Selena Gomez;Ozuna;Cardi B,Fiesta portatil,Taki Taki,2,212500,True,0.843,0.802,1,-4.167,0,0.228,0.158,5e-06,0.0642,0.618,95.881,4,dance,DJ Snake,2018,9.0,2018-09-01,Ozuna
68407,279v3VcrRPLwfWQxncA7fa,Alvaro Diaz;Feid;Tainy,Esto No Se Le Dedica A Cualquiera,Llori Pari,2,215026,False,0.602,0.573,5,-7.388,1,0.0518,0.282,0.0,0.0854,0.319,174.048,4,latino,Alvaro Diaz,2021,1.0,2021-01-01,Feid
67164,0MDRx3s5qSe0q5MwWJ5zW1,J Balvin,Fiesta Reggaeton 2010s,La Rebelión,2,161973,False,0.756,0.8,1,-3.673,1,0.0585,0.066,0.0,0.0646,0.718,128.022,4,latin,J Balvin,2016,7.0,2016-07-01,J Balvin
67146,7lTWdUAtKRdaRS0UbQD9y7,J Balvin,Noche de Halloween Latino,Morado,2,200666,False,0.881,0.696,11,-3.838,0,0.0797,0.136,4.06e-05,0.0927,0.781,97.002,4,latin,J Balvin,2020,3.0,2020-03-01,J Balvin
67121,2DyVUB1hwY3DCnvteT9Tuj,Feid;J Balvin,Del gusto de hermanos,Que Raro,2,230826,False,0.755,0.844,5,-6.234,0,0.326,0.328,8.8e-06,0.555,0.745,171.867,4,latin,Feid,2021,10.0,2021-10-01,Feid
67503,1RIDr0woQCSCdLCGTpNmJe,Chris Jedi;Ozuna;Brytiago,Halloween 2022 Perreo Vol. 5,Bipolar,2,220080,False,0.782,0.697,1,-5.85,1,0.0618,0.32,0.0,0.144,0.416,76.031,4,latin,Chris Jedi,2019,1.0,2019-01-01,Ozuna
67377,3Flqfp71JMa1NsphC8U5uw,Reik;J Balvin;Lalo Ebratt,FELIZ CUMPLEAÑOS,Indeciso,2,217253,False,0.738,0.748,0,-4.902,1,0.0453,0.182,0.0,0.109,0.896,94.949,4,latin,Reik,2019,10.0,2019-10-01,J Balvin
67469,0f7IGNawBHrxVsV0uLAWal,Luis Fonsi;Ozuna,Halloween 2022 Perreo Vol. 1,Imposible,2,163880,False,0.786,0.764,11,-2.935,1,0.0798,0.121,0.0,0.102,0.913,90.977,4,latin,Luis Fonsi,2020,6.0,2020-06-01,Ozuna
37028,11puF5deuvztUHvqNPu0Vr,Anitta;Maluma,Hits à suivre 2022,El que espera,2,170396,False,0.825,0.758,9,-1.73,0,0.238,0.0895,0.0,0.0661,0.828,176.059,4,funk,Anitta,2022,1.0,2022-01-01,Maluma
67094,35EHiyGqAffU5VUyrsuq3v,Feid;Nacho,Para entrar en calor,911,2,221760,False,0.798,0.857,6,-3.748,1,0.105,0.0519,4.99e-05,0.142,0.581,102.998,4,latin,Feid,2020,5.0,2020-05-01,Feid
88143,67mdqeB9ecik5WjVCF1NPZ,KAROL G,Esto No Se Le Dedica A Cualquiera,"Ay, DiOs Mío!",2,189840,False,0.715,0.706,11,-4.423,1,0.195,0.496,0.00134,0.106,0.522,179.997,4,reggae,KAROL G,2019,8.0,2019-08-01,KAROL G
88142,3iTgKW7MWI0M0acyEoQXds,KAROL G;Bad Bunny;Quavo,Halloween 2022 Perreo Vol. 4,Ahora Me Llama - Remix,2,251786,False,0.668,0.613,0,-7.05,0,0.0421,0.0433,4.42e-05,0.139,0.219,135.036,4,reggae,KAROL G,2018,2.0,2018-02-01,KAROL G
88195,5P7P56z3BWvsQDh9MrEwaW,KAROL G;Cosculluela,Para entrar en calor,La Dama,1,208400,False,0.844,0.781,8,-5.856,0,0.188,0.122,0.000154,0.0925,0.734,100.01,4,reggae,KAROL G,2018,5.0,2018-05-01,KAROL G
67506,1MbkGV6nl8omJ4C2IDb7ts,Chris Jedi;J Balvin;Ozuna;Arcangel,Frescura y Perreo,Ahora Dice,1,270493,False,0.704,0.691,6,-5.414,1,0.158,0.255,0.0,0.129,0.427,143.982,4,latin,Chris Jedi,2017,10.0,2017-10-01,J Balvin
67462,34HGlyjxXg6ntjyF9tEyAj,Luis Fonsi;Rauw Alejandro,Regageton Para Niños,Vacío,1,167800,False,0.747,0.824,0,-2.316,1,0.0738,0.0283,0.0,0.0792,0.628,166.005,4,latin,Luis Fonsi,2021,9.0,2021-09-01,Rauw Alejandro
67470,0VX1PydrOt49grhTQjxGzS,Luis Fonsi;KAROL G;Andrés Torres;Mauricio Rengifo,Halloween 2022 Perreo Vol. 3,Calypso - Remix,1,184066,False,0.878,0.799,4,-2.029,1,0.104,0.09,6e-06,0.392,0.85,110.044,4,latin,Luis Fonsi,2019,8.0,2019-08-01,KAROL G
67220,5gePc5Ns5P1lBhlSrItWwK,Jhayco;Ozuna,Hora del taco sin auto,Easy - Remix,1,219866,False,0.891,0.748,1,-3.844,0,0.0976,0.186,2.06e-06,0.133,0.401,94.06,4,latin,Jhayco,2020,5.0,2020-05-01,Ozuna
67405,5Gq7G9oXDG3KhSYXsJKDR3,Brray;Rauw Alejandro,FELIZ CUMPLEAÑOS,Te Pue' Cuidar,1,232013,False,0.602,0.785,6,-4.355,0,0.232,0.143,0.0,0.103,0.582,95.038,4,latin,Brray,2020,7.0,2020-07-01,Rauw Alejandro
67051,2pfvK4mEji3KYxoJqEwzDV,Feid,Verano en Junio,Belixe,1,155533,False,0.876,0.673,8,-7.15,1,0.139,0.0524,0.00571,0.0813,0.462,113.995,4,latin,Feid,2019,9.0,2019-09-01,Feid
67843,4PbiFd4s18OBMf7tXgtBUc,Nacho;Yandel;Bad Bunny;Mambo Kingz;DJ Luian,Reggeaton Imperdible,Báilame - Remix,1,217080,False,0.791,0.866,6,-4.236,1,0.0496,0.248,5.29e-06,0.0696,0.71,96.013,4,latin,Nacho,2017,9.0,2017-09-01,Bad Bunny
67130,1ia62vfFbklbRgNfx0CPC5,J Balvin;Mr Eazi,Halloween 2022 Perreo Vol. 4,Arcoíris,1,187120,False,0.611,0.781,2,-5.261,1,0.149,0.08,0.0,0.264,0.413,186.162,4,latin,J Balvin,2021,1.0,2021-01-01,J Balvin
68635,7qNS4GwQ8xn7twyWHIZk3C,Luny Tunes;Daddy Yankee;Don Omar;Wisin & Yandel,Halloween 2022 Perreo Vol. 5,Mayor Que Yo 3,1,304746,False,0.715,0.964,1,-3.176,0,0.162,0.0985,0.0,0.291,0.535,91.976,4,latino,Luny Tunes,2007,1.0,2007-01-01,Daddy Yankee
20840,28PuptP3GRGgIM1Faz1fzL,DJ Snake;J Balvin;Ozuna;Nicky Jam;Natti Natasha;Darell;Sech,Perreo Tenebroso Vol. 4,Loco Contigo - REMIX,0,341875,False,0.789,0.694,6,-5.781,0,0.0726,0.099,0.0,0.0962,0.549,96.032,4,dance,DJ Snake,2019,9.0,2019-09-01,J Balvin
88767,7yx7dh8cyKtdDby6iRG8aJ,Natan & Shander;Feid;Ryan Castro;Totoy El Frio,Esto me suena a Farra,VIP Feat. Totoy El Frio,0,245026,False,0.753,0.704,9,-4.068,0,0.218,0.0273,1.12e-05,0.0727,0.492,182.036,4,reggae,Natan & Shander,2021,9.0,2021-09-01,Feid
31994,67avyz2FqPWktHLm8cHFpT,Chino & Nacho;Daddy Yankee;Don Omar;Wisin,Perreo Tenebroso Vol. 1,Andas En Mi Cabeza - Remix,0,255840,False,0.719,0.934,9,-3.242,1,0.0858,0.213,0.0,0.177,0.619,104.095,4,electro,Chino & Nacho,2015,4.0,2015-04-01,Daddy Yankee
88194,2UzdMpV9R6H1Aex1yXExli,KAROL G;Maluma,Verano en Junio,Créeme,0,214293,False,0.714,0.874,6,-3.576,1,0.0549,0.128,0.000146,0.105,0.648,96.998,4,reggae,KAROL G,2018,1.0,2018-01-01,Maluma
68690,6mchtho7otjNIYcPPrYZyj,"Gotay ""El Autentiko"";Ozuna;Wisin",Perreo Tenebroso Vol. 4,Más De Ti,0,257506,False,0.758,0.8,0,-3.245,1,0.0383,0.0714,0.0,0.407,0.607,94.043,4,latino,"Gotay ""El Autentiko""",2020,8.0,2020-08-01,Ozuna
51241,0tNLlw94DIrCECnp0dSUUz,Daddy Yankee,Carrete con besties,Lovumba,0,218520,False,0.73,0.939,11,-4.665,0,0.0532,0.0347,0.0,0.335,0.939,121.001,4,hip-hop,Daddy Yankee,2012,7.0,2012-07-01,Daddy Yankee
51242,0c9wSzwT33NaUlJNy1z0jh,Daddy Yankee,Última Misión Reggaeton,La Nueva Y La Ex,0,197053,False,0.639,0.943,5,-3.542,1,0.136,0.0462,0.0,0.141,0.639,198.051,4,hip-hop,Daddy Yankee,2022,2.0,2022-02-01,Daddy Yankee
51246,2Vag8ExVU4vAFj1FVvw0yC,Daddy Yankee;Natalia Jiménez,Halloween con perreito,La Noche De Los Dos,0,223360,False,0.762,0.79,9,-3.944,0,0.0988,0.109,2.73e-06,0.172,0.748,129.988,4,hip-hop,Daddy Yankee,2012,8.0,2012-08-01,Daddy Yankee
68627,3Hx6jNZYXP4da4Pz7Wa5IQ,Luny Tunes;Don Omar;Sharlene;Maluma,Queda poco para la PAES 2.0,La Fila,0,203760,False,0.726,0.931,1,-1.483,0,0.079,0.111,0.0,0.273,0.574,118.069,4,latino,Luny Tunes,2022,1.0,2022-01-01,Maluma
67084,62mo6hlcn33B701x3TVdrH,Feid;Sky Rompiendo,Perreo Tenebroso Vol. 3,RELXJXTE,0,185813,False,0.859,0.575,6,-6.845,1,0.0798,0.0941,0.00018,0.105,0.607,93.007,4,latin,Feid,2022,2.0,2022-02-01,Feid
67041,6OUTbAEIxmP8RVEAFNMq1d,Daddy Yankee;Prince Royce,Perreo Tenebroso Vol. 2,Ven Conmigo,0,220653,False,0.78,0.856,10,-5.316,0,0.0405,0.116,0.0,0.0595,0.712,120.049,4,latin,Daddy Yankee,2011,1.0,2011-01-01,Daddy Yankee
68741,124JkEAQHd3zW24qAEcgbw,Alex Sensation;Ozuna,Perreo Tenebroso Vol. 5,Que Va,0,239826,False,0.768,0.828,0,-3.371,1,0.0532,0.153,0.0,0.0524,0.827,90.982,4,latino,Alex Sensation,2017,5.0,2017-05-01,Ozuna
67879,5VCiHDSwirlQ3yGZAcW8sh,Lalo Ebratt;J Balvin;Trapical,Halloween 2022 Perreo Vol. 1,Mocca - Remix,0,202876,True,0.732,0.758,11,-1.694,1,0.189,0.214,0.0,0.388,0.78,98.007,4,latin,Lalo Ebratt,2015,3.0,2015-03-01,J Balvin
67955,6G12ZafqofSq7YtrMqUm76,Shakira;Ozuna,Monotonía,Monotonía,0,158804,False,0.873,0.695,0,-4.207,0,0.0459,0.419,1.23e-06,0.211,0.823,131.963,4,latin,Shakira,2022,10.0,2022-10-01,Ozuna
67958,13kyMXTpiIQlwLBMEyOBkI,KEVVO;J Balvin,Perreo Tenebroso Vol. 4,Billetes Azules,0,189506,True,0.856,0.721,7,-4.928,1,0.108,0.132,0.00471,0.182,0.642,94.991,4,latin,KEVVO,2021,8.0,2021-08-01,J Balvin
67729,0fRHa9tXnBjZ6sDtYFauw3,Lola Indigo;Rauw Alejandro;Lalo Ebratt,Verano en Junio,4 besos,0,232526,False,0.865,0.658,1,-3.035,0,0.0797,0.214,4.47e-06,0.0325,0.713,90.012,4,latin,Lola Indigo,2021,5.0,2021-05-01,Rauw Alejandro
67825,3wSXWge0hS6PQFuIs1bGDZ,Nacho;Ozuna,Queda poco para la PAES 2.0,Casualidad,0,184680,False,0.835,0.855,10,-5.041,0,0.07,0.0453,0.0,0.147,0.867,101.067,4,latin,Nacho,2017,5.0,2017-05-01,Ozuna
67097,5ElpusNZMl7iKKmVuxC6EH,Feid;J Balvin;Maluma;Nicky Jam;Sech;Justin Quiles,Verano en Junio,PORFA - Remix,0,333800,True,0.793,0.737,6,-4.731,0,0.0785,0.0765,0.0,0.0747,0.697,167.969,4,latin,Feid,2020,4.0,2020-04-01,Feid
67647,6wWLvArD6rxvPKuivA0AQR,Gloria Trevi;KAROL G,Halloween 2022 Perreo Vol. 1,Hijoepu*#,0,188080,True,0.85,0.741,3,-4.26,0,0.15,0.0237,0.000189,0.102,0.913,92.986,4,latin,Gloria Trevi,2021,4.0,2021-04-01,KAROL G
67478,46rKo4ijDOiDoAPDwxxxi0,Luis Fonsi;Daddy Yankee;Major Lazer;MOSKA,Perreo Tenebroso Vol. 2,Despacito - Major Lazer & MOSKA Remix,0,190320,False,0.81,0.757,2,-3.583,1,0.0478,0.0157,0.0003,0.0811,0.511,100.017,4,latin,Luis Fonsi,2017,3.0,2017-03-01,Daddy Yankee
67096,5zQQcVFs0Jyr4AjGokqyB7,Feid,Perreo Tenebroso Vol. 4,Nuestra Canción,0,182373,False,0.801,0.702,9,-4.952,1,0.37,0.49,1.86e-06,0.269,0.524,99.043,4,latin,Feid,2018,6.0,2018-06-01,Feid
51197,3AedlLCGKNhQdhtLzObIbR,Daddy Yankee,Queda poco para la PAES 2.0,Pasarela,0,193733,False,0.839,0.907,9,-4.259,1,0.0453,0.101,0.0,0.332,0.737,121.048,4,hip-hop,Daddy Yankee,2016,3.0,2016-03-01,Daddy Yankee
67297,0xCaQb8CfEuBCBZANmpf5b,Jhayco;KAROL G;Haze,Perreo Tenebroso Vol. 1,Deséame Suerte,0,208160,False,0.723,0.622,4,-5.184,0,0.0467,0.189,5.86e-05,0.107,0.538,94.024,4,latin,Jhayco,2018,10.0,2018-10-01,KAROL G
67302,6KRPT8ZY9m2NaWSh8s8mrn,Tainy;Alvaro Diaz;Feid,Perreo Tenebroso Vol. 1,A Mi También,0,171832,False,0.761,0.644,9,-4.496,1,0.0523,0.344,1.55e-06,0.274,0.696,83.986,4,latin,Tainy,2021,8.0,2021-08-01,Feid
67304,3uHxCgxHJIAGY52Oz39xqC,Tainy;Anuel AA;Ozuna,Perreo Tenebroso Vol. 2,Adicto,0,270740,False,0.734,0.836,10,-4.803,0,0.0736,0.0171,1.71e-05,0.179,0.622,80.002,4,latin,Tainy,2019,12.0,2019-12-01,Ozuna
67195,0Ysepw3QUt2pyKvsBZ9PGD,J Balvin;KAROL G;Nicky Jam;Crissin;Totoy El Frio;Natan & Shander,Homecoming Latin Party,Poblado - Remix,0,392866,False,0.813,0.81,3,-5.382,0,0.0809,0.112,1.59e-06,0.377,0.632,93.005,4,latin,J Balvin,2021,7.0,2021-07-01,J Balvin
67161,4S3KDmiZJQsd6uLPyvHxSO,J Balvin,Perreo Tenebroso Vol. 1,Cuando Tú Quieras,0,205120,False,0.696,0.668,6,-5.063,1,0.199,0.361,0.0038,0.311,0.761,184.332,4,latin,J Balvin,2016,4.0,2016-04-01,J Balvin
67171,3PDf2Xk2fHt3EexYRrVS0j,J Balvin,Perreo Tenebroso Vol. 5,Ahora,0,254906,False,0.81,0.784,3,-3.223,0,0.0622,0.0874,0.000166,0.083,0.817,88.001,4,latin,J Balvin,2017,10.0,2017-10-01,J Balvin
88146,3zTkz1DCxJk09e3iBH8xXi,KAROL G,Perreo Tenebroso Vol. 4,Punto G,0,183160,False,0.791,0.746,6,-4.716,1,0.0907,0.00938,0.000125,0.125,0.903,165.994,4,reggae,KAROL G,2018,8.0,2018-08-01,KAROL G
88147,146reVUYzTsbR24vCePtyQ,KAROL G;J Balvin;Nicky Jam,Queda poco para la PAES 2.0,Mi Cama - Remix,0,196320,False,0.815,0.784,9,-4.423,1,0.0738,0.299,0.0,0.0958,0.832,162.958,4,reggae,KAROL G,2018,8.0,2018-08-01,J Balvin
88148,25jeD6Agt0sUDeNc9JhLmS,KAROL G;Wisin & Yandel;Nicky Jam;Ivy Queen;Zion;Alberto Stylee,Última Misión Reggaeton,LEYENDAS,0,352093,False,0.553,0.784,1,-5.458,1,0.114,0.0609,0.0,0.305,0.609,96.553,4,reggae,KAROL G,2022,8.0,2022-08-01,KAROL G
88154,5v6XEJnRkaDZTnA0jkg15u,KAROL G;Anuel AA;J Balvin,Homecoming Latin Party,LOCATION,0,265240,True,0.772,0.758,9,-3.891,1,0.0482,0.0433,0.0,0.295,0.654,115.977,4,reggae,KAROL G,2019,9.0,2019-09-01,J Balvin
67145,2kAz0WYicCnx9yEuhT0MhL,J Balvin,Queda poco para la PAES 2.0,Sin Compromiso,0,189026,False,0.774,0.914,7,-4.739,1,0.159,0.193,0.0,0.427,0.816,98.031,4,latin,J Balvin,2014,1.0,2014-01-01,J Balvin
67133,0dh1X0wdxSZoaFdDddVhPF,J Balvin,Perreo Tenebroso Vol. 4,Dónde Estarás,0,191973,False,0.828,0.763,1,-7.613,1,0.095,0.0741,0.0103,0.0882,0.861,90.004,4,latin,J Balvin,2014,6.0,2014-06-01,J Balvin
104070,3cgPLCz2XwX95aNp50RYEE,Antonio Orozco;KAROL G,Carrete con besties,Dicen,0,221992,False,0.71,0.824,10,-3.869,0,0.147,0.128,0.0,0.399,0.89,88.942,4,spanish,Antonio Orozco,2022,3.0,2022-03-01,KAROL G
88196,2VRR3vc9jMYcCEBM2A3ZV9,KAROL G,Perreo Tenebroso Vol. 2,Muñeco De Lego,0,162066,False,0.784,0.637,0,-7.386,0,0.147,0.283,0.0,0.153,0.544,143.977,4,reggae,KAROL G,2019,2.0,2019-02-01,KAROL G
88197,3LDezJ0x3UWsC0XXnjM8U9,KAROL G,Carrete con besties,Casi Nada,0,219026,False,0.734,0.848,1,-2.756,0,0.0362,0.121,4.74e-05,0.0993,0.591,98.059,4,reggae,KAROL G,2018,6.0,2018-06-01,KAROL G
88198,0EZ3k6NTvkH1sQddEK4slm,KAROL G,Perreo Tenebroso Vol. 5,Go Karo,0,149866,False,0.746,0.727,9,-3.342,1,0.0639,0.0469,1e-06,0.0793,0.827,93.032,4,reggae,KAROL G,2017,3.0,2017-03-01,KAROL G
88199,1bNsvWmJGd4pdpahQhlK9T,KAROL G,Perreo Tenebroso Vol. 3,Bebesita,0,185053,False,0.714,0.826,7,-3.897,0,0.0385,0.318,1.63e-05,0.216,0.742,91.997,4,reggae,KAROL G,2017,9.0,2017-09-01,KAROL G
88332,5ed9YUQoRSGibIZWy0uIcG,Sebastian Yatra;Rauw Alejandro;Manuel Turizo;Cosculluela;Lalo Ebratt;Llane;Dalmata,Perreo Tenebroso Vol. 1,TBT - Remix,0,290160,False,0.82,0.783,2,-4.266,1,0.141,0.0519,0.0,0.111,0.52,91.957,4,reggae,Sebastian Yatra,2022,6.0,2022-06-01,Rauw Alejandro
2439,34p4d1RRVLvfg1xKEJfPvW,Moderatto;KAROL G,Halloween 2022 Perreo Vol. 5,Caballero,0,193106,False,0.694,0.853,4,-4.207,0,0.107,0.0367,9.89e-05,0.352,0.74,93.08,4,alt-rock,Moderatto,2019,6.0,2019-06-01,KAROL G
